Element,M-At No.,M-At wt.,M-Density,M-M.P,M-B.P,M-Enth.fus,M-Enth.atom,M-Enth.vap,M-Sp.ht Cap,M-Elec.-ve,M-Surface.E,M-1st Ion E,M-cova .radii,M-At.radii,M-Group,M-Period,M-Work F.,M-Elec.Aff,At No.,At wt.,Density,M.P,B.P,Enth.fus,Enth.atom,Enth.vap,Sp.ht Cap,Elec.-ve,Surface.E,1st Ion E,cova .radii,At.radii,Group,Period,Work F.,Elec.Aff,OH_B.E
Au3M-Ni,79,196.96,19.3,1337.33,3129,12.5,368,330,129.1,2.54,0.74,890.13,136,174,11,6,5.41,222.8,28,58.693,8.908,1728,3186,17.2,431,378,445,1.91,1.92,737.1,121,149,10,4,5.24,112,1.496072
Au3M-Zn,79,196.96,19.3,1337.33,3129,12.5,368,330,129.1,2.54,0.74,890.13,136,174,11,6,5.41,222.8,30,65.38,7.14,692.68,1180,7.35,131,119,388,1.65,0.33,906.4,122,142,12,4,3.63,-58,1.398238
Au3M-Ru,79,196.96,19.3,1337.33,3129,12.5,368,330,129.1,2.54,0.74,890.13,136,174,11,6,5.41,222.8,44,101.07,12.37,2607,4423,25.7,652,580,238,2.2,2.6,710.2,126,178,8,5,4.65,101.3,1.372716
Au3M-Rh,79,196.96,19.3,1337.33,3129,12.5,368,330,129.1,2.54,0.74,890.13,136,174,11,6,5.41,222.8,45,102.91,12.45,2237,3968,21.7,556,495,240,2.28,1.98,719.7,135,173,9,5,5.2,109.7,1.5276
Au3M-Pd,79,196.96,19.3,1337.33,3129,12.5,368,330,129.1,2.54,0.74,890.13,136,174,11,6,5.41,222.8,46,106.42,12.023,1828.05,3236,16.7,377,380,240,2.2,1.36,804.4,131,169,10,5,5.47,53.7,1.48496
Au3M-Ag,79,196.96,19.3,1337.33,3129,12.5,368,330,129.1,2.54,0.74,890.13,136,174,11,6,5.41,222.8,47,107.87,10.49,1234.93,2435,11.3,285,255,235,1.93,0.76,731,145,165,11,5,4.63,125.6,1.352419
Au3M-Ir,79,196.96,19.3,1337.33,3129,12.5,368,330,129.1,2.54,0.74,890.13,136,174,11,6,5.41,222.8,77,192.22,22.56,2739,4701,26,671,560,131,2.2,2.36,880,137,180,9,6,5.76,151,1.540573
Au3M-Pt,79,196.96,19.3,1337.33,3129,12.5,368,330,129.1,2.54,0.74,890.13,136,174,11,6,5.41,222.8,78,195.08,21.45,2041.4,4098,20,565,490,133,2.28,1.49,870,136,177,10,6,5.97,205.3,1.521248
Pt3M-Cr,78,195.08,21.45,2041.4,4098,20,565,490,133,2.28,1.49,870,136,177,10,6,5.97,205.3,24,51.9961,7.19,2180,2944,20.5,397,339,448,1.66,3.22,652.9,139,166,6,4,4.5,64.3,0.775599
Pt3M-Mn,78,195.08,21.45,2041.4,4098,20,565,490,133,2.28,1.49,870,136,177,10,6,5.97,205.3,25,54.9,7.47,1519,2334,13.2,281,220,479,1.55,3.39,717.3,139,161,7,4,4.1,-50,0.800805
Pt3M-Co,78,195.08,21.45,2041.4,4098,20,565,490,133,2.28,1.49,870,136,177,10,6,5.97,205.3,27,58.933,8.9,1768,3200,16.2,426,375,421,1.88,2.11,760.4,126,152,9,4,5,63.7,0.937382
Pt3M-Ni,78,195.08,21.45,2041.4,4098,20,565,490,133,2.28,1.49,870,136,177,10,6,5.97,205.3,28,58.693,8.908,1728,3186,17.2,431,378,445,1.91,1.92,737.1,121,149,10,4,5.24,112,0.919649
Pt3M-Cu,78,195.08,21.45,2041.4,4098,20,565,490,133,2.28,1.49,870,136,177,10,6,5.97,205.3,29,63.546,8.96,1357,2835,13.1,338,300,384.4,1.9,1.34,745.5,132,145,11,4,5.09,118.4,0.936376
Pt3M-Zn,78,195.08,21.45,2041.4,4098,20,565,490,133,2.28,1.49,870,136,177,10,6,5.97,205.3,30,65.38,7.14,692.68,1180,7.35,131,119,388,1.65,0.33,906.4,122,142,12,4,3.63,-58,0.867632
Pt3M-Ru,78,195.08,21.45,2041.4,4098,20,565,490,133,2.28,1.49,870,136,177,10,6,5.97,205.3,44,101.07,12.37,2607,4423,25.7,652,580,238,2.2,2.6,710.2,126,178,8,5,4.65,101.3,0.919779
Pt3M-Pd,78,195.08,21.45,2041.4,4098,20,565,490,133,2.28,1.49,870,136,177,10,6,5.97,205.3,46,106.42,12.023,1828.05,3236,16.7,377,380,240,2.2,1.36,804.4,131,169,10,5,5.47,53.7,0.885188
Pt3M-Ag,78,195.08,21.45,2041.4,4098,20,565,490,133,2.28,1.49,870,136,177,10,6,5.97,205.3,47,107.87,10.49,1234.93,2435,11.3,285,255,235,1.93,0.76,731,145,165,11,5,4.63,125.6,0.887421
Pt3M-In,78,195.08,21.45,2041.4,4098,20,565,490,133,2.28,1.49,870,136,177,10,6,5.97,205.3,49,114.818,7.31,429.75,2345,3.26,243,230,233,1.78,0.3,558.3,142,156,13,5,4.09,28.9,0.596609
Pt3M-Sn,78,195.08,21.45,2041.4,4098,20,565,490,133,2.28,1.49,870,136,177,10,6,5.97,205.3,50,118.71,7.31,505.08,2875,7,302,290,217,1.96,0.54,708.6,139,145,14,5,4.42,107.3,0.839604
Pt3M-La,78,195.08,21.45,2041.4,4098,20,565,490,133,2.28,1.49,870,136,177,10,6,5.97,205.3,57,138.9,6.146,1193,3737,6.3,431,400,195,1.1,0.7,538.1,207,187,3,6,3.5,48,-0.247531
Pt3M-Re,78,195.08,21.45,2041.4,4098,20,565,490,133,2.28,1.49,870,136,177,10,6,5.97,205.3,75,186.21,21.02,3459,5869,33,776,705,137,1.9,2.57,760,159,188,7,6,4.72,14.5,1.078363
Pt3M-Os,78,195.08,21.45,2041.4,4098,20,565,490,133,2.28,1.49,870,136,177,10,6,5.97,205.3,76,190.23,22.59,3306,5285,31,789,630,130,2.2,2.95,840,128,185,8,6,5.93,106.1,0.997982
Pt3M-Ir,78,195.08,21.45,2041.4,4098,20,565,490,133,2.28,1.49,870,136,177,10,6,5.97,205.3,77,192.22,22.56,2739,4701,26,671,560,131,2.2,2.36,880,137,180,9,6,5.76,151,0.979204
Pt3M-Au,78,195.08,21.45,2041.4,4098,20,565,490,133,2.28,1.49,870,136,177,10,6,5.97,205.3,79,196.96,19.3,1337.33,3129,12.5,368,330,129.1,2.54,0.74,890.13,136,174,11,6,5.41,222.8,0.983963
Pt3M-Tl,78,195.08,21.45,2041.4,4098,20,565,490,133,2.28,1.49,870,136,177,10,6,5.97,205.3,81,204.38,11.85,577,1746,4.2,182,165,129,1.62,0.22,589.4,145,156,13,6,3.84,19.2,0.778231
Pt3M-Bi,78,195.08,21.45,2041.4,4098,20,565,490,133,2.28,1.49,870,136,177,10,6,5.97,205.3,83,208.98,9.78,544.4,1837,10.9,207,160,122,2.02,0.17,703,148,143,15,6,4.34,91.2,0.503124
Pd3M-Ni,46,106.42,12.023,1828.05,3236,16.7,377,380,240,2.2,1.36,804.4,131,169,10,5,5.47,53.7,28,58.693,8.908,1728,3186,17.2,431,378,445,1.91,1.92,737.1,121,149,10,4,5.24,112,1.010688
Pd3M-Cu,46,106.42,12.023,1828.05,3236,16.7,377,380,240,2.2,1.36,804.4,131,169,10,5,5.47,53.7,29,63.546,8.96,1357,2835,13.1,338,300,384.4,1.9,1.34,745.5,132,145,11,4,5.09,118.4,1.044025
Pd3M-Rh,46,106.42,12.023,1828.05,3236,16.7,377,380,240,2.2,1.36,804.4,131,169,10,5,5.47,53.7,45,102.91,12.45,2237,3968,21.7,556,495,240,2.28,1.98,719.7,135,173,9,5,5.2,109.7,0.951642
Pd3M-Ag,46,106.42,12.023,1828.05,3236,16.7,377,380,240,2.2,1.36,804.4,131,169,10,5,5.47,53.7,47,107.87,10.49,1234.93,2435,11.3,285,255,235,1.93,0.76,731,145,165,11,5,4.63,125.6,1.010949
Pd3M-Os,46,106.42,12.023,1828.05,3236,16.7,377,380,240,2.2,1.36,804.4,131,169,10,5,5.47,53.7,76,190.23,22.59,3306,5285,31,789,630,130,2.2,2.95,840,128,185,8,6,5.93,106.1,1.0928
Pd3M-Ir,46,106.42,12.023,1828.05,3236,16.7,377,380,240,2.2,1.36,804.4,131,169,10,5,5.47,53.7,77,192.22,22.56,2739,4701,26,671,560,131,2.2,2.36,880,137,180,9,6,5.76,151,1.060623
Pd3M-Au,46,106.42,12.023,1828.05,3236,16.7,377,380,240,2.2,1.36,804.4,131,169,10,5,5.47,53.7,79,196.96,19.3,1337.33,3129,12.5,368,330,129.1,2.54,0.74,890.13,136,174,11,6,5.41,222.8,1.074324
Ni3M-Mn,28,58.693,8.908,1728,3186,17.2,431,378,445,1.91,1.92,737.1,121,149,10,4,5.24,112,25,54.9,7.47,1519,2334,13.2,281,220,479,1.55,3.39,717.3,139,161,7,4,4.1,-50,-0.280464
Ni3M-Co,28,58.693,8.908,1728,3186,17.2,431,378,445,1.91,1.92,737.1,121,149,10,4,5.24,112,27,58.933,8.9,1768,3200,16.2,426,375,421,1.88,2.11,760.4,126,152,9,4,5,63.7,-0.013995
Ni3M-Cu,28,58.693,8.908,1728,3186,17.2,431,378,445,1.91,1.92,737.1,121,149,10,4,5.24,112,29,63.546,8.96,1357,2835,13.1,338,300,384.4,1.9,1.34,745.5,132,145,11,4,5.09,118.4,0.501965
Ni3M-Zr,28,58.693,8.908,1728,3186,17.2,431,378,445,1.91,1.92,737.1,121,149,10,4,5.24,112,40,91.224,6.511,2128,4682,21,605,580,278,1.33,1.6,640.1,175,206,4,5,4.05,41.1,-0.939841
Ni3M-Rh,28,58.693,8.908,1728,3186,17.2,431,378,445,1.91,1.92,737.1,121,149,10,4,5.24,112,45,102.91,12.45,2237,3968,21.7,556,495,240,2.28,1.98,719.7,135,173,9,5,5.2,109.7,0.501651
Ni3M-Ag,28,58.693,8.908,1728,3186,17.2,431,378,445,1.91,1.92,737.1,121,149,10,4,5.24,112,47,107.87,10.49,1234.93,2435,11.3,285,255,235,1.93,0.76,731,145,165,11,5,4.63,125.6,0.427667
Ni3M-Sn,28,58.693,8.908,1728,3186,17.2,431,378,445,1.91,1.92,737.1,121,149,10,4,5.24,112,50,118.71,7.31,505.08,2875,7,302,290,217,1.96,0.54,708.6,139,145,14,5,4.42,107.3,-0.036215
Ni3M-La,28,58.693,8.908,1728,3186,17.2,431,378,445,1.91,1.92,737.1,121,149,10,4,5.24,112,57,138.9,6.146,1193,3737,6.3,431,400,195,1.1,0.7,538.1,207,187,3,6,3.5,48,-0.81157
Ni3M-Ir,28,58.693,8.908,1728,3186,17.2,431,378,445,1.91,1.92,737.1,121,149,10,4,5.24,112,77,192.22,22.56,2739,4701,26,671,560,131,2.2,2.36,880,137,180,9,6,5.76,151,0.629651
Ni3M-Pt,28,58.693,8.908,1728,3186,17.2,431,378,445,1.91,1.92,737.1,121,149,10,4,5.24,112,78,195.08,21.45,2041.4,4098,20,565,490,133,2.28,1.49,870,136,177,10,6,5.97,205.3,0.591809
Ni3M-Au,28,58.693,8.908,1728,3186,17.2,431,378,445,1.91,1.92,737.1,121,149,10,4,5.24,112,79,196.96,19.3,1337.33,3129,12.5,368,330,129.1,2.54,0.74,890.13,136,174,11,6,5.41,222.8,-0.171878
Re3M-Ni,75,186.21,21.02,3459,5869,33,776,705,137,1.9,2.57,760,159,188,7,6,4.72,14.5,28,58.693,8.908,1728,3186,17.2,431,378,445,1.91,1.92,737.1,121,149,10,4,5.24,112,0.047232
Re3M-Mo,75,186.21,21.02,3459,5869,33,776,705,137,1.9,2.57,760,159,188,7,6,4.72,14.5,42,95.95,10.28,2896,4639,36,659,600,251,2.16,2.78,684.3,154,190,6,5,4.52,71.9,-0.356327
Re3M-Rh,75,186.21,21.02,3459,5869,33,776,705,137,1.9,2.57,760,159,188,7,6,4.72,14.5,45,102.91,12.45,2237,3968,21.7,556,495,240,2.28,1.98,719.7,135,173,9,5,5.2,109.7,-0.185769
Re3M-Pd,75,186.21,21.02,3459,5869,33,776,705,137,1.9,2.57,760,159,188,7,6,4.72,14.5,46,106.42,12.023,1828.05,3236,16.7,377,380,240,2.2,1.36,804.4,131,169,10,5,5.47,53.7,0.039229
Re3M-Ta,75,186.21,21.02,3459,5869,33,776,705,137,1.9,2.57,760,159,188,7,6,4.72,14.5,73,180.94,16.65,3290,5731,36,782,736,140,1.5,2.34,761,170,200,5,6,4,31,-0.621289
Re3M-Os,75,186.21,21.02,3459,5869,33,776,705,137,1.9,2.57,760,159,188,7,6,4.72,14.5,76,190.23,22.59,3306,5285,31,789,630,130,2.2,2.95,840,128,185,8,6,5.93,106.1,0.019695
Re3M-Pt,75,186.21,21.02,3459,5869,33,776,705,137,1.9,2.57,760,159,188,7,6,4.72,14.5,78,195.08,21.45,2041.4,4098,20,565,490,133,2.28,1.49,870,136,177,10,6,5.97,205.3,0.017375
Rh3M-Cr,45,102.91,12.45,2237,3968,21.7,556,495,240,2.28,1.98,719.7,135,173,9,5,5.2,109.7,24,51.9961,7.19,2180,2944,20.5,397,339,448,1.66,3.22,652.9,139,166,6,4,4.5,64.3,0.47915
Rh3M-Mn,45,102.91,12.45,2237,3968,21.7,556,495,240,2.28,1.98,719.7,135,173,9,5,5.2,109.7,25,54.9,7.47,1519,2334,13.2,281,220,479,1.55,3.39,717.3,139,161,7,4,4.1,-50,0.493083
Rh3M-Co,45,102.91,12.45,2237,3968,21.7,556,495,240,2.28,1.98,719.7,135,173,9,5,5.2,109.7,27,58.933,8.9,1768,3200,16.2,426,375,421,1.88,2.11,760.4,126,152,9,4,5,63.7,0.602095
Rh3M-Ni,45,102.91,12.45,2237,3968,21.7,556,495,240,2.28,1.98,719.7,135,173,9,5,5.2,109.7,28,58.693,8.908,1728,3186,17.2,431,378,445,1.91,1.92,737.1,121,149,10,4,5.24,112,0.605896
Ir3M-Ti,77,192.22,22.56,2739,4701,26,671,560,131,2.2,2.36,880,137,180,9,6,5.76,151,22,47.867,4.507,1941,3560,18.7,471,425,520,1.54,1.93,658.8,160,176,4,4,4.33,7.6,0.259024
Ir3M-Ni,77,192.22,22.56,2739,4701,26,671,560,131,2.2,2.36,880,137,180,9,6,5.76,151,28,58.693,8.908,1728,3186,17.2,431,378,445,1.91,1.92,737.1,121,149,10,4,5.24,112,0.528826
Ir3M-Cu,77,192.22,22.56,2739,4701,26,671,560,131,2.2,2.36,880,137,180,9,6,5.76,151,29,63.546,8.96,1357,2835,13.1,338,300,384.4,1.9,1.34,745.5,132,145,11,4,5.09,118.4,0.495615
Ir3M-Zn,77,192.22,22.56,2739,4701,26,671,560,131,2.2,2.36,880,137,180,9,6,5.76,151,30,65.38,7.14,692.68,1180,7.35,131,119,388,1.65,0.33,906.4,122,142,12,4,3.63,-58,0.603858
Ir3M-Ga,77,192.22,22.56,2739,4701,26,671,560,131,2.2,2.36,880,137,180,9,6,5.76,151,31,69.723,5.904,302.91,2477,5.59,277,256,371,1.81,0.48,578.8,122,136,13,4,4.32,28.9,0.57828
Ir3M-Ru,77,192.22,22.56,2739,4701,26,671,560,131,2.2,2.36,880,137,180,9,6,5.76,151,44,101.07,12.37,2607,4423,25.7,652,580,238,2.2,2.6,710.2,126,178,8,5,4.65,101.3,0.541147
Ir3M-Rh,77,192.22,22.56,2739,4701,26,671,560,131,2.2,2.36,880,137,180,9,6,5.76,151,45,102.91,12.45,2237,3968,21.7,556,495,240,2.28,1.98,719.7,135,173,9,5,5.2,109.7,0.541049
Ir3M-Ag,77,192.22,22.56,2739,4701,26,671,560,131,2.2,2.36,880,137,180,9,6,5.76,151,47,107.87,10.49,1234.93,2435,11.3,285,255,235,1.93,0.76,731,145,165,11,5,4.63,125.6,0.37467
Ir3M-La,77,192.22,22.56,2739,4701,26,671,560,131,2.2,2.36,880,137,180,9,6,5.76,151,57,138.9,6.146,1193,3737,6.3,431,400,195,1.1,0.7,538.1,207,187,3,6,3.5,48,-0.574629
Ir3M-Re,77,192.22,22.56,2739,4701,26,671,560,131,2.2,2.36,880,137,180,9,6,5.76,151,75,186.21,21.02,3459,5869,33,776,705,137,1.9,2.57,760,159,188,7,6,4.72,14.5,0.704786
Ir3M-Os,77,192.22,22.56,2739,4701,26,671,560,131,2.2,2.36,880,137,180,9,6,5.76,151,76,190.23,22.59,3306,5285,31,789,630,130,2.2,2.95,840,128,185,8,6,5.93,106.1,0.679329
Ir3M-Pt,77,192.22,22.56,2739,4701,26,671,560,131,2.2,2.36,880,137,180,9,6,5.76,151,78,195.08,21.45,2041.4,4098,20,565,490,133,2.28,1.49,870,136,177,10,6,5.97,205.3,0.531434
Ir3M-Au,77,192.22,22.56,2739,4701,26,671,560,131,2.2,2.36,880,137,180,9,6,5.76,151,79,196.96,19.3,1337.33,3129,12.5,368,330,129.1,2.54,0.74,890.13,136,174,11,6,5.41,222.8,0.523295
Ir3M-Bi,77,192.22,22.56,2739,4701,26,671,560,131,2.2,2.36,880,137,180,9,6,5.76,151,83,208.98,9.78,544.4,1837,10.9,207,160,122,2.02,0.17,703,148,143,15,6,4.34,91.2,0.291225
Ag3M-Bi-V,47,107.87,10.49,1234.93,2435,11.3,285,255,235,1.93,0.76,731,145,165,11,5,4.63,125.6,23,50.94,6.11,2183,3680,22.8,515,453,489,1.63,2.38,650.9,153,171,5,4,4.3,50.6,-1.101629
Ag3M-Bi-Cr,47,107.87,10.49,1234.93,2435,11.3,285,255,235,1.93,0.76,731,145,165,11,5,4.63,125.6,24,51.9961,7.19,2180,2944,20.5,397,339,448,1.66,3.22,652.9,139,166,6,4,4.5,64.3,-0.330324
Ag3M-Bi-Mn,47,107.87,10.49,1234.93,2435,11.3,285,255,235,1.93,0.76,731,145,165,11,5,4.63,125.6,25,54.9,7.47,1519,2334,13.2,281,220,479,1.55,3.39,717.3,139,161,7,4,4.1,-50,-0.38661
Ag3M-Bi-Co,47,107.87,10.49,1234.93,2435,11.3,285,255,235,1.93,0.76,731,145,165,11,5,4.63,125.6,27,58.933,8.9,1768,3200,16.2,426,375,421,1.88,2.11,760.4,126,152,9,4,5,63.7,-0.126439
Ag3M-Bi-Nb,47,107.87,10.49,1234.93,2435,11.3,285,255,235,1.93,0.76,731,145,165,11,5,4.63,125.6,41,92.9,8.57,2750,5017,26.8,733,690,265,1.6,2.06,652.1,164,198,5,5,4.36,86.1,-1.675531
Ag3M-Bi-Mo,47,107.87,10.49,1234.93,2435,11.3,285,255,235,1.93,0.76,731,145,165,11,5,4.63,125.6,42,95.95,10.28,2896,4639,36,659,600,251,2.16,2.78,684.3,154,190,6,5,4.52,71.9,-0.757634
Ag3M-Bi-Ru,47,107.87,10.49,1234.93,2435,11.3,285,255,235,1.93,0.76,731,145,165,11,5,4.63,125.6,44,101.07,12.37,2607,4423,25.7,652,580,238,2.2,2.6,710.2,126,178,8,5,4.65,101.3,-0.050761
Ag3M-Bi-Rh,47,107.87,10.49,1234.93,2435,11.3,285,255,235,1.93,0.76,731,145,165,11,5,4.63,125.6,45,102.91,12.45,2237,3968,21.7,556,495,240,2.28,1.98,719.7,135,173,9,5,5.2,109.7,0.383544
Ag3M-Bi-Pd,47,107.87,10.49,1234.93,2435,11.3,285,255,235,1.93,0.76,731,145,165,11,5,4.63,125.6,46,106.42,12.023,1828.05,3236,16.7,377,380,240,2.2,1.36,804.4,131,169,10,5,5.47,53.7,0.941939
Ag3M-Bi-Ir,47,107.87,10.49,1234.93,2435,11.3,285,255,235,1.93,0.76,731,145,165,11,5,4.63,125.6,77,192.22,22.56,2739,4701,26,671,560,131,2.2,2.36,880,137,180,9,6,5.76,151,0.101646
Ag3M-Bi-Pt,47,107.87,10.49,1234.93,2435,11.3,285,255,235,1.93,0.76,731,145,165,11,5,4.63,125.6,78,195.08,21.45,2041.4,4098,20,565,490,133,2.28,1.49,870,136,177,10,6,5.97,205.3,0.709706
Au3M-Bi-Ti,79,196.96,19.3,1337.33,3129,12.5,368,330,129.1,2.54,0.74,890.13,136,174,11,6,5.41,222.8,22,47.867,4.507,1941,3560,18.7,471,425,520,1.54,1.93,658.8,160,176,4,4,4.33,7.6,-1.400001
Au3M-Bi-Cr,79,196.96,19.3,1337.33,3129,12.5,368,330,129.1,2.54,0.74,890.13,136,174,11,6,5.41,222.8,24,51.9961,7.19,2180,2944,20.5,397,339,448,1.66,3.22,652.9,139,166,6,4,4.5,64.3,-0.133743
Au3M-Bi-Mn,79,196.96,19.3,1337.33,3129,12.5,368,330,129.1,2.54,0.74,890.13,136,174,11,6,5.41,222.8,25,54.9,7.47,1519,2334,13.2,281,220,479,1.55,3.39,717.3,139,161,7,4,4.1,-50,-0.024003
Au3M-Bi-Co,79,196.96,19.3,1337.33,3129,12.5,368,330,129.1,2.54,0.74,890.13,136,174,11,6,5.41,222.8,27,58.933,8.9,1768,3200,16.2,426,375,421,1.88,2.11,760.4,126,152,9,4,5,63.7,0.220005
Au3M-Bi-Ni,79,196.96,19.3,1337.33,3129,12.5,368,330,129.1,2.54,0.74,890.13,136,174,11,6,5.41,222.8,28,58.693,8.908,1728,3186,17.2,431,378,445,1.91,1.92,737.1,121,149,10,4,5.24,112,0.505941
Au3M-Bi-Nb,79,196.96,19.3,1337.33,3129,12.5,368,330,129.1,2.54,0.74,890.13,136,174,11,6,5.41,222.8,41,92.9,8.57,2750,5017,26.8,733,690,265,1.6,2.06,652.1,164,198,5,5,4.36,86.1,-1.491211
Au3M-Bi-Mo,79,196.96,19.3,1337.33,3129,12.5,368,330,129.1,2.54,0.74,890.13,136,174,11,6,5.41,222.8,42,95.95,10.28,2896,4639,36,659,600,251,2.16,2.78,684.3,154,190,6,5,4.52,71.9,-0.647756
Au3M-Bi-Pd,79,196.96,19.3,1337.33,3129,12.5,368,330,129.1,2.54,0.74,890.13,136,174,11,6,5.41,222.8,46,106.42,12.023,1828.05,3236,16.7,377,380,240,2.2,1.36,804.4,131,169,10,5,5.47,53.7,1.169243
Au3M-Bi-Re,79,196.96,19.3,1337.33,3129,12.5,368,330,129.1,2.54,0.74,890.13,136,174,11,6,5.41,222.8,75,186.21,21.02,3459,5869,33,776,705,137,1.9,2.57,760,159,188,7,6,4.72,14.5,-0.949814
Au3M-Bi-Os,79,196.96,19.3,1337.33,3129,12.5,368,330,129.1,2.54,0.74,890.13,136,174,11,6,5.41,222.8,76,190.23,22.59,3306,5285,31,789,630,130,2.2,2.95,840,128,185,8,6,5.93,106.1,-0.435172
Au3M-Bi-Ir,79,196.96,19.3,1337.33,3129,12.5,368,330,129.1,2.54,0.74,890.13,136,174,11,6,5.41,222.8,77,192.22,22.56,2739,4701,26,671,560,131,2.2,2.36,880,137,180,9,6,5.76,151,0.288151
Au3M-Bi-Pt,79,196.96,19.3,1337.33,3129,12.5,368,330,129.1,2.54,0.74,890.13,136,174,11,6,5.41,222.8,78,195.08,21.45,2041.4,4098,20,565,490,133,2.28,1.49,870,136,177,10,6,5.97,205.3,0.827876
Cu3M-Bi-Ti,29,63.546,8.96,1357,2835,13.1,338,300,384.4,1.9,1.34,745.5,132,145,11,4,5.09,118.4,22,47.867,4.507,1941,3560,18.7,471,425,520,1.54,1.93,658.8,160,176,4,4,4.33,7.6,-1.595596
Cu3M-Bi-V,29,63.546,8.96,1357,2835,13.1,338,300,384.4,1.9,1.34,745.5,132,145,11,4,5.09,118.4,23,50.94,6.11,2183,3680,22.8,515,453,489,1.63,2.38,650.9,153,171,5,4,4.3,50.6,-1.090124
Cu3M-Bi-Cr,29,63.546,8.96,1357,2835,13.1,338,300,384.4,1.9,1.34,745.5,132,145,11,4,5.09,118.4,24,51.9961,7.19,2180,2944,20.5,397,339,448,1.66,3.22,652.9,139,166,6,4,4.5,64.3,-0.345197
Cu3M-Bi-Mn,29,63.546,8.96,1357,2835,13.1,338,300,384.4,1.9,1.34,745.5,132,145,11,4,5.09,118.4,25,54.9,7.47,1519,2334,13.2,281,220,479,1.55,3.39,717.3,139,161,7,4,4.1,-50,-0.259811
Cu3M-Bi-Co,29,63.546,8.96,1357,2835,13.1,338,300,384.4,1.9,1.34,745.5,132,145,11,4,5.09,118.4,27,58.933,8.9,1768,3200,16.2,426,375,421,1.88,2.11,760.4,126,152,9,4,5,63.7,0.054888
Cu3M-Bi-Ni,29,63.546,8.96,1357,2835,13.1,338,300,384.4,1.9,1.34,745.5,132,145,11,4,5.09,118.4,28,58.693,8.908,1728,3186,17.2,431,378,445,1.91,1.92,737.1,121,149,10,4,5.24,112,0.327646
Cu3M-Bi-Nb,29,63.546,8.96,1357,2835,13.1,338,300,384.4,1.9,1.34,745.5,132,145,11,4,5.09,118.4,41,92.9,8.57,2750,5017,26.8,733,690,265,1.6,2.06,652.1,164,198,5,5,4.36,86.1,-1.67635
Cu3M-Bi-Mo,29,63.546,8.96,1357,2835,13.1,338,300,384.4,1.9,1.34,745.5,132,145,11,4,5.09,118.4,42,95.95,10.28,2896,4639,36,659,600,251,2.16,2.78,684.3,154,190,6,5,4.52,71.9,-1.142032
Cu3M-Bi-Ru,29,63.546,8.96,1357,2835,13.1,338,300,384.4,1.9,1.34,745.5,132,145,11,4,5.09,118.4,44,101.07,12.37,2607,4423,25.7,652,580,238,2.2,2.6,710.2,126,178,8,5,4.65,101.3,0.151303
Cu3M-Bi-Rh,29,63.546,8.96,1357,2835,13.1,338,300,384.4,1.9,1.34,745.5,132,145,11,4,5.09,118.4,45,102.91,12.45,2237,3968,21.7,556,495,240,2.28,1.98,719.7,135,173,9,5,5.2,109.7,0.57287
Cu3M-Bi-Pd,29,63.546,8.96,1357,2835,13.1,338,300,384.4,1.9,1.34,745.5,132,145,11,4,5.09,118.4,46,106.42,12.023,1828.05,3236,16.7,377,380,240,2.2,1.36,804.4,131,169,10,5,5.47,53.7,1.014802
Cu3M-Bi-W,29,63.546,8.96,1357,2835,13.1,338,300,384.4,1.9,1.34,745.5,132,145,11,4,5.09,118.4,74,183.84,19.25,3695,5828,35,860,800,132,2.36,3.23,770,162,193,6,6,4.45,78.6,-1.642508
Cu3M-Bi-Re,29,63.546,8.96,1357,2835,13.1,338,300,384.4,1.9,1.34,745.5,132,145,11,4,5.09,118.4,75,186.21,21.02,3459,5869,33,776,705,137,1.9,2.57,760,159,188,7,6,4.72,14.5,-1.17252
Cu3M-Bi-Os,29,63.546,8.96,1357,2835,13.1,338,300,384.4,1.9,1.34,745.5,132,145,11,4,5.09,118.4,76,190.23,22.59,3306,5285,31,789,630,130,2.2,2.95,840,128,185,8,6,5.93,106.1,-0.431274
Cu3M-Bi-Ir,29,63.546,8.96,1357,2835,13.1,338,300,384.4,1.9,1.34,745.5,132,145,11,4,5.09,118.4,77,192.22,22.56,2739,4701,26,671,560,131,2.2,2.36,880,137,180,9,6,5.76,151,0.344502
Cu3M-Bi-Pt,29,63.546,8.96,1357,2835,13.1,338,300,384.4,1.9,1.34,745.5,132,145,11,4,5.09,118.4,78,195.08,21.45,2041.4,4098,20,565,490,133,2.28,1.49,870,136,177,10,6,5.97,205.3,0.813038
Cu3M-Bi-Au,29,63.546,8.96,1357,2835,13.1,338,300,384.4,1.9,1.34,745.5,132,145,11,4,5.09,118.4,79,196.96,19.3,1337.33,3129,12.5,368,330,129.1,2.54,0.74,890.13,136,174,11,6,5.41,222.8,1.319589
Pt3M-Bi-Ti,78,195.08,21.45,2041.4,4098,20,565,490,133,2.28,1.49,870,136,177,10,6,5.97,205.3,22,47.867,4.507,1941,3560,18.7,471,425,520,1.54,1.93,658.8,160,176,4,4,4.33,7.6,-0.755567
Pt3M-Bi-V,78,195.08,21.45,2041.4,4098,20,565,490,133,2.28,1.49,870,136,177,10,6,5.97,205.3,23,50.94,6.11,2183,3680,22.8,515,453,489,1.63,2.38,650.9,153,171,5,4,4.3,50.6,-0.64127
Pt3M-Bi-Cr,78,195.08,21.45,2041.4,4098,20,565,490,133,2.28,1.49,870,136,177,10,6,5.97,205.3,24,51.9961,7.19,2180,2944,20.5,397,339,448,1.66,3.22,652.9,139,166,6,4,4.5,64.3,-0.084832
Pt3M-Bi-Mn,78,195.08,21.45,2041.4,4098,20,565,490,133,2.28,1.49,870,136,177,10,6,5.97,205.3,25,54.9,7.47,1519,2334,13.2,281,220,479,1.55,3.39,717.3,139,161,7,4,4.1,-50,0.322602
Pt3M-Bi-Co,78,195.08,21.45,2041.4,4098,20,565,490,133,2.28,1.49,870,136,177,10,6,5.97,205.3,27,58.933,8.9,1768,3200,16.2,426,375,421,1.88,2.11,760.4,126,152,9,4,5,63.7,0.604051
Pt3M-Bi-Ni,78,195.08,21.45,2041.4,4098,20,565,490,133,2.28,1.49,870,136,177,10,6,5.97,205.3,28,58.693,8.908,1728,3186,17.2,431,378,445,1.91,1.92,737.1,121,149,10,4,5.24,112,0.761248
Pt3M-Bi-Cu,78,195.08,21.45,2041.4,4098,20,565,490,133,2.28,1.49,870,136,177,10,6,5.97,205.3,29,63.546,8.96,1357,2835,13.1,338,300,384.4,1.9,1.34,745.5,132,145,11,4,5.09,118.4,1.255333
Pt3M-Bi-Nb,78,195.08,21.45,2041.4,4098,20,565,490,133,2.28,1.49,870,136,177,10,6,5.97,205.3,41,92.9,8.57,2750,5017,26.8,733,690,265,1.6,2.06,652.1,164,198,5,5,4.36,86.1,-1.147577
Pt3M-Bi-Mo,78,195.08,21.45,2041.4,4098,20,565,490,133,2.28,1.49,870,136,177,10,6,5.97,205.3,42,95.95,10.28,2896,4639,36,659,600,251,2.16,2.78,684.3,154,190,6,5,4.52,71.9,-0.700251
Pt3M-Bi-Ru,78,195.08,21.45,2041.4,4098,20,565,490,133,2.28,1.49,870,136,177,10,6,5.97,205.3,44,101.07,12.37,2607,4423,25.7,652,580,238,2.2,2.6,710.2,126,178,8,5,4.65,101.3,0.410341
Pt3M-Bi-Rh,78,195.08,21.45,2041.4,4098,20,565,490,133,2.28,1.49,870,136,177,10,6,5.97,205.3,45,102.91,12.45,2237,3968,21.7,556,495,240,2.28,1.98,719.7,135,173,9,5,5.2,109.7,0.680807
Pt3M-Bi-Pd,78,195.08,21.45,2041.4,4098,20,565,490,133,2.28,1.49,870,136,177,10,6,5.97,205.3,46,106.42,12.023,1828.05,3236,16.7,377,380,240,2.2,1.36,804.4,131,169,10,5,5.47,53.7,1.163669
Pt3M-Bi-Ag,78,195.08,21.45,2041.4,4098,20,565,490,133,2.28,1.49,870,136,177,10,6,5.97,205.3,47,107.87,10.49,1234.93,2435,11.3,285,255,235,1.93,0.76,731,145,165,11,5,4.63,125.6,1.800879
Pt3M-Bi-Ta,78,195.08,21.45,2041.4,4098,20,565,490,133,2.28,1.49,870,136,177,10,6,5.97,205.3,73,180.94,16.65,3290,5731,36,782,736,140,1.5,2.34,761,170,200,5,6,4,31,-1.521283
Pt3M-Bi-W,78,195.08,21.45,2041.4,4098,20,565,490,133,2.28,1.49,870,136,177,10,6,5.97,205.3,74,183.84,19.25,3695,5828,35,860,800,132,2.36,3.23,770,162,193,6,6,4.45,78.6,-1.258963
Pt3M-Bi-Re,78,195.08,21.45,2041.4,4098,20,565,490,133,2.28,1.49,870,136,177,10,6,5.97,205.3,75,186.21,21.02,3459,5869,33,776,705,137,1.9,2.57,760,159,188,7,6,4.72,14.5,-0.682236
Pt3M-Bi-Os,78,195.08,21.45,2041.4,4098,20,565,490,133,2.28,1.49,870,136,177,10,6,5.97,205.3,76,190.23,22.59,3306,5285,31,789,630,130,2.2,2.95,840,128,185,8,6,5.93,106.1,-0.115017
Pt3M-Bi-Ir,78,195.08,21.45,2041.4,4098,20,565,490,133,2.28,1.49,870,136,177,10,6,5.97,205.3,77,192.22,22.56,2739,4701,26,671,560,131,2.2,2.36,880,137,180,9,6,5.76,151,0.434639
Pt3M-Bi-Au,78,195.08,21.45,2041.4,4098,20,565,490,133,2.28,1.49,870,136,177,10,6,5.97,205.3,79,196.96,19.3,1337.33,3129,12.5,368,330,129.1,2.54,0.74,890.13,136,174,11,6,5.41,222.8,1.649654
Pd3M-Bi-Ti,46,106.42,12.023,1828.05,3236,16.7,377,380,240,2.2,1.36,804.4,131,169,10,5,5.47,53.7,22,47.867,4.507,1941,3560,18.7,471,425,520,1.54,1.93,658.8,160,176,4,4,4.33,7.6,-1.026286
Pd3M-Bi-Cr,46,106.42,12.023,1828.05,3236,16.7,377,380,240,2.2,1.36,804.4,131,169,10,5,5.47,53.7,23,50.94,6.11,2183,3680,22.8,515,453,489,1.63,2.38,650.9,153,171,5,4,4.3,50.6,-0.266668
Pd3M-Bi-Co,46,106.42,12.023,1828.05,3236,16.7,377,380,240,2.2,1.36,804.4,131,169,10,5,5.47,53.7,24,51.9961,7.19,2180,2944,20.5,397,339,448,1.66,3.22,652.9,139,166,6,4,4.5,64.3,0.283364
Pd3M-Bi-Ni,46,106.42,12.023,1828.05,3236,16.7,377,380,240,2.2,1.36,804.4,131,169,10,5,5.47,53.7,25,54.9,7.47,1519,2334,13.2,281,220,479,1.55,3.39,717.3,139,161,7,4,4.1,-50,0.473619
Pd3M-Bi-Cu,46,106.42,12.023,1828.05,3236,16.7,377,380,240,2.2,1.36,804.4,131,169,10,5,5.47,53.7,27,58.933,8.9,1768,3200,16.2,426,375,421,1.88,2.11,760.4,126,152,9,4,5,63.7,0.963015
Pd3M-Bi-Nb,46,106.42,12.023,1828.05,3236,16.7,377,380,240,2.2,1.36,804.4,131,169,10,5,5.47,53.7,41,92.9,8.57,2750,5017,26.8,733,690,265,1.6,2.06,652.1,164,198,5,5,4.36,86.1,-1.41682
Pd3M-Bi-Mo,46,106.42,12.023,1828.05,3236,16.7,377,380,240,2.2,1.36,804.4,131,169,10,5,5.47,53.7,42,95.95,10.28,2896,4639,36,659,600,251,2.16,2.78,684.3,154,190,6,5,4.52,71.9,-0.804982
Pd3M-Bi-Ru,46,106.42,12.023,1828.05,3236,16.7,377,380,240,2.2,1.36,804.4,131,169,10,5,5.47,53.7,44,101.07,12.37,2607,4423,25.7,652,580,238,2.2,2.6,710.2,126,178,8,5,4.65,101.3,0.231183
Pd3M-Bi-Rh,46,106.42,12.023,1828.05,3236,16.7,377,380,240,2.2,1.36,804.4,131,169,10,5,5.47,53.7,45,102.91,12.45,2237,3968,21.7,556,495,240,2.28,1.98,719.7,135,173,9,5,5.2,109.7,0.442053
Pd3M-Bi-Ag,46,106.42,12.023,1828.05,3236,16.7,377,380,240,2.2,1.36,804.4,131,169,10,5,5.47,53.7,47,107.87,10.49,1234.93,2435,11.3,285,255,235,1.93,0.76,731,145,165,11,5,4.63,125.6,1.59402
Pd3M-Bi-W,46,106.42,12.023,1828.05,3236,16.7,377,380,240,2.2,1.36,804.4,131,169,10,5,5.47,53.7,74,183.84,19.25,3695,5828,35,860,800,132,2.36,3.23,770,162,193,6,6,4.45,78.6,-1.351321
Pd3M-Bi-Re,46,106.42,12.023,1828.05,3236,16.7,377,380,240,2.2,1.36,804.4,131,169,10,5,5.47,53.7,75,186.21,21.02,3459,5869,33,776,705,137,1.9,2.57,760,159,188,7,6,4.72,14.5,-0.756666
Pd3M-Bi-Os,46,106.42,12.023,1828.05,3236,16.7,377,380,240,2.2,1.36,804.4,131,169,10,5,5.47,53.7,76,190.23,22.59,3306,5285,31,789,630,130,2.2,2.95,840,128,185,8,6,5.93,106.1,-0.2757
Pd3M-Bi-Ir,46,106.42,12.023,1828.05,3236,16.7,377,380,240,2.2,1.36,804.4,131,169,10,5,5.47,53.7,77,192.22,22.56,2739,4701,26,671,560,131,2.2,2.36,880,137,180,9,6,5.76,151,0.253436
Pd3M-Bi-Au,46,106.42,12.023,1828.05,3236,16.7,377,380,240,2.2,1.36,804.4,131,169,10,5,5.47,53.7,79,196.96,19.3,1337.33,3129,12.5,368,330,129.1,2.54,0.74,890.13,136,174,11,6,5.41,222.8,1.490694
Ni3M-Bi-Ti,28,58.693,8.908,1728,3186,17.2,431,378,445,1.91,1.92,737.1,121,149,10,4,5.24,112,22,47.867,4.507,1941,3560,18.7,471,425,520,1.54,1.93,658.8,160,176,4,4,4.33,7.6,-0.894524
Ni3M-Bi-V,28,58.693,8.908,1728,3186,17.2,431,378,445,1.91,1.92,737.1,121,149,10,4,5.24,112,23,50.94,6.11,2183,3680,22.8,515,453,489,1.63,2.38,650.9,153,171,5,4,4.3,50.6,-0.942305
Ni3M-Bi-Cr,28,58.693,8.908,1728,3186,17.2,431,378,445,1.91,1.92,737.1,121,149,10,4,5.24,112,24,51.9961,7.19,2180,2944,20.5,397,339,448,1.66,3.22,652.9,139,166,6,4,4.5,64.3,-0.38207
Ni3M-Bi-Mn,28,58.693,8.908,1728,3186,17.2,431,378,445,1.91,1.92,737.1,121,149,10,4,5.24,112,25,54.9,7.47,1519,2334,13.2,281,220,479,1.55,3.39,717.3,139,161,7,4,4.1,-50,-0.038512
Ni3M-Bi-Co,28,58.693,8.908,1728,3186,17.2,431,378,445,1.91,1.92,737.1,121,149,10,4,5.24,112,27,58.933,8.9,1768,3200,16.2,426,375,421,1.88,2.11,760.4,126,152,9,4,5,63.7,0.337533
Ni3M-Bi-Cu,28,58.693,8.908,1728,3186,17.2,431,378,445,1.91,1.92,737.1,121,149,10,4,5.24,112,29,63.546,8.96,1357,2835,13.1,338,300,384.4,1.9,1.34,745.5,132,145,11,4,5.09,118.4,0.924698
Ni3M-Bi-Nb,28,58.693,8.908,1728,3186,17.2,431,378,445,1.91,1.92,737.1,121,149,10,4,5.24,112,41,92.9,8.57,2750,5017,26.8,733,690,265,1.6,2.06,652.1,164,198,5,5,4.36,86.1,-1.27392
Ni3M-Bi-Mo,28,58.693,8.908,1728,3186,17.2,431,378,445,1.91,1.92,737.1,121,149,10,4,5.24,112,42,95.95,10.28,2896,4639,36,659,600,251,2.16,2.78,684.3,154,190,6,5,4.52,71.9,-0.940187
Ni3M-Bi-Ru,28,58.693,8.908,1728,3186,17.2,431,378,445,1.91,1.92,737.1,121,149,10,4,5.24,112,44,101.07,12.37,2607,4423,25.7,652,580,238,2.2,2.6,710.2,126,178,8,5,4.65,101.3,0.320204
Ni3M-Bi-Rh,28,58.693,8.908,1728,3186,17.2,431,378,445,1.91,1.92,737.1,121,149,10,4,5.24,112,45,102.91,12.45,2237,3968,21.7,556,495,240,2.28,1.98,719.7,135,173,9,5,5.2,109.7,0.56707
Ni3M-Bi-Ta,28,58.693,8.908,1728,3186,17.2,431,378,445,1.91,1.92,737.1,121,149,10,4,5.24,112,73,180.94,16.65,3290,5731,36,782,736,140,1.5,2.34,761,170,200,5,6,4,31,-1.590614
Ni3M-Bi-W,28,58.693,8.908,1728,3186,17.2,431,378,445,1.91,1.92,737.1,121,149,10,4,5.24,112,74,183.84,19.25,3695,5828,35,860,800,132,2.36,3.23,770,162,193,6,6,4.45,78.6,-1.384277
Ni3M-Bi-Re,28,58.693,8.908,1728,3186,17.2,431,378,445,1.91,1.92,737.1,121,149,10,4,5.24,112,75,186.21,21.02,3459,5869,33,776,705,137,1.9,2.57,760,159,188,7,6,4.72,14.5,-0.952121
Ni3M-Bi-Os,28,58.693,8.908,1728,3186,17.2,431,378,445,1.91,1.92,737.1,121,149,10,4,5.24,112,76,190.23,22.59,3306,5285,31,789,630,130,2.2,2.95,840,128,185,8,6,5.93,106.1,-0.267824
Ni3M-Bi-Ir,28,58.693,8.908,1728,3186,17.2,431,378,445,1.91,1.92,737.1,121,149,10,4,5.24,112,77,192.22,22.56,2739,4701,26,671,560,131,2.2,2.36,880,137,180,9,6,5.76,151,0.389986
Ni3M-Bi-Pt,28,58.693,8.908,1728,3186,17.2,431,378,445,1.91,1.92,737.1,121,149,10,4,5.24,112,78,195.08,21.45,2041.4,4098,20,565,490,133,2.28,1.49,870,136,177,10,6,5.97,205.3,0.897481
Ni3M-Bi-Au,28,58.693,8.908,1728,3186,17.2,431,378,445,1.91,1.92,737.1,121,149,10,4,5.24,112,79,196.96,19.3,1337.33,3129,12.5,368,330,129.1,2.54,0.74,890.13,136,174,11,6,5.41,222.8,1.380123
Re3M-Bi-V,75,186.21,21.02,3459,5869,33,776,705,137,1.9,2.57,760,159,188,7,6,4.72,14.5,23,50.94,6.11,2183,3680,22.8,515,453,489,1.63,2.38,650.9,153,171,5,4,4.3,50.6,-0.87527
Re3M-Bi-Cr,75,186.21,21.02,3459,5869,33,776,705,137,1.9,2.57,760,159,188,7,6,4.72,14.5,24,51.9961,7.19,2180,2944,20.5,397,339,448,1.66,3.22,652.9,139,166,6,4,4.5,64.3,-0.350206
Re3M-Bi-Mn,75,186.21,21.02,3459,5869,33,776,705,137,1.9,2.57,760,159,188,7,6,4.72,14.5,25,54.9,7.47,1519,2334,13.2,281,220,479,1.55,3.39,717.3,139,161,7,4,4.1,-50,-0.279672
Re3M-Bi-Co,75,186.21,21.02,3459,5869,33,776,705,137,1.9,2.57,760,159,188,7,6,4.72,14.5,27,58.933,8.9,1768,3200,16.2,426,375,421,1.88,2.11,760.4,126,152,9,4,5,63.7,0.669384
Re3M-Bi-Cu,75,186.21,21.02,3459,5869,33,776,705,137,1.9,2.57,760,159,188,7,6,4.72,14.5,29,63.546,8.96,1357,2835,13.1,338,300,384.4,1.9,1.34,745.5,132,145,11,4,5.09,118.4,1.13479
Re3M-Bi-Mo,75,186.21,21.02,3459,5869,33,776,705,137,1.9,2.57,760,159,188,7,6,4.72,14.5,42,95.95,10.28,2896,4639,36,659,600,251,2.16,2.78,684.3,154,190,6,5,4.52,71.9,-0.553397
Re3M-Bi-Rh,75,186.21,21.02,3459,5869,33,776,705,137,1.9,2.57,760,159,188,7,6,4.72,14.5,45,102.91,12.45,2237,3968,21.7,556,495,240,2.28,1.98,719.7,135,173,9,5,5.2,109.7,0.837155
Re3M-Bi-Pd,75,186.21,21.02,3459,5869,33,776,705,137,1.9,2.57,760,159,188,7,6,4.72,14.5,46,106.42,12.023,1828.05,3236,16.7,377,380,240,2.2,1.36,804.4,131,169,10,5,5.47,53.7,1.203253
Re3M-Bi-Ta,75,186.21,21.02,3459,5869,33,776,705,137,1.9,2.57,760,159,188,7,6,4.72,14.5,73,180.94,16.65,3290,5731,36,782,736,140,1.5,2.34,761,170,200,5,6,4,31,-1.404381
Re3M-Bi-W,75,186.21,21.02,3459,5869,33,776,705,137,1.9,2.57,760,159,188,7,6,4.72,14.5,74,183.84,19.25,3695,5828,35,860,800,132,2.36,3.23,770,162,193,6,6,4.45,78.6,-0.804313
Re3M-Bi-Ir,75,186.21,21.02,3459,5869,33,776,705,137,1.9,2.57,760,159,188,7,6,4.72,14.5,77,192.22,22.56,2739,4701,26,671,560,131,2.2,2.36,880,137,180,9,6,5.76,151,0.66054
Re3M-Bi-Pt,75,186.21,21.02,3459,5869,33,776,705,137,1.9,2.57,760,159,188,7,6,4.72,14.5,78,195.08,21.45,2041.4,4098,20,565,490,133,2.28,1.49,870,136,177,10,6,5.97,205.3,1.04667
Rh3M-Bi-Ti,45,102.91,12.45,2237,3968,21.7,556,495,240,2.28,1.98,719.7,135,173,9,5,5.2,109.7,22,47.867,4.507,1941,3560,18.7,471,425,520,1.54,1.93,658.8,160,176,4,4,4.33,7.6,-0.855482
Rh3M-Bi-V,45,102.91,12.45,2237,3968,21.7,556,495,240,2.28,1.98,719.7,135,173,9,5,5.2,109.7,23,50.94,6.11,2183,3680,22.8,515,453,489,1.63,2.38,650.9,153,171,5,4,4.3,50.6,-0.769341
Rh3M-Bi-Cr,45,102.91,12.45,2237,3968,21.7,556,495,240,2.28,1.98,719.7,135,173,9,5,5.2,109.7,24,51.9961,7.19,2180,2944,20.5,397,339,448,1.66,3.22,652.9,139,166,6,4,4.5,64.3,-0.289204
Rh3M-Bi-Mn,45,102.91,12.45,2237,3968,21.7,556,495,240,2.28,1.98,719.7,135,173,9,5,5.2,109.7,25,54.9,7.47,1519,2334,13.2,281,220,479,1.55,3.39,717.3,139,161,7,4,4.1,-50,0.054641
Rh3M-Bi-Co,45,102.91,12.45,2237,3968,21.7,556,495,240,2.28,1.98,719.7,135,173,9,5,5.2,109.7,27,58.933,8.9,1768,3200,16.2,426,375,421,1.88,2.11,760.4,126,152,9,4,5,63.7,0.380381
Rh3M-Bi-Ni,45,102.91,12.45,2237,3968,21.7,556,495,240,2.28,1.98,719.7,135,173,9,5,5.2,109.7,28,58.693,8.908,1728,3186,17.2,431,378,445,1.91,1.92,737.1,121,149,10,4,5.24,112,0.568425
Rh3M-Bi-Cu,45,102.91,12.45,2237,3968,21.7,556,495,240,2.28,1.98,719.7,135,173,9,5,5.2,109.7,29,63.546,8.96,1357,2835,13.1,338,300,384.4,1.9,1.34,745.5,132,145,11,4,5.09,118.4,0.984272
Rh3M-Bi-Nb,45,102.91,12.45,2237,3968,21.7,556,495,240,2.28,1.98,719.7,135,173,9,5,5.2,109.7,41,92.9,8.57,2750,5017,26.8,733,690,265,1.6,2.06,652.1,164,198,5,5,4.36,86.1,-0.9626
Rh3M-Bi-Mo,45,102.91,12.45,2237,3968,21.7,556,495,240,2.28,1.98,719.7,135,173,9,5,5.2,109.7,42,95.95,10.28,2896,4639,36,659,600,251,2.16,2.78,684.3,154,190,6,5,4.52,71.9,-0.52578
Rh3M-Bi-Ru,45,102.91,12.45,2237,3968,21.7,556,495,240,2.28,1.98,719.7,135,173,9,5,5.2,109.7,44,101.07,12.37,2607,4423,25.7,652,580,238,2.2,2.6,710.2,126,178,8,5,4.65,101.3,0.34003
Rh3M-Bi-Pd,45,102.91,12.45,2237,3968,21.7,556,495,240,2.28,1.98,719.7,135,173,9,5,5.2,109.7,46,106.42,12.023,1828.05,3236,16.7,377,380,240,2.2,1.36,804.4,131,169,10,5,5.47,53.7,0.935024
Rh3M-Bi-Ta,45,102.91,12.45,2237,3968,21.7,556,495,240,2.28,1.98,719.7,135,173,9,5,5.2,109.7,73,180.94,16.65,3290,5731,36,782,736,140,1.5,2.34,761,170,200,5,6,4,31,-1.161908
Rh3M-Bi-W,45,102.91,12.45,2237,3968,21.7,556,495,240,2.28,1.98,719.7,135,173,9,5,5.2,109.7,74,183.84,19.25,3695,5828,35,860,800,132,2.36,3.23,770,162,193,6,6,4.45,78.6,-0.825214
Rh3M-Bi-Re,45,102.91,12.45,2237,3968,21.7,556,495,240,2.28,1.98,719.7,135,173,9,5,5.2,109.7,75,186.21,21.02,3459,5869,33,776,705,137,1.9,2.57,760,159,188,7,6,4.72,14.5,-0.566839
Rh3M-Bi-Ir,45,102.91,12.45,2237,3968,21.7,556,495,240,2.28,1.98,719.7,135,173,9,5,5.2,109.7,77,192.22,22.56,2739,4701,26,671,560,131,2.2,2.36,880,137,180,9,6,5.76,151,0.413098
Rh3M-Bi-Pt,45,102.91,12.45,2237,3968,21.7,556,495,240,2.28,1.98,719.7,135,173,9,5,5.2,109.7,78,195.08,21.45,2041.4,4098,20,565,490,133,2.28,1.49,870,136,177,10,6,5.97,205.3,0.811723
Ir3M-Bi-Ti,77,192.22,22.56,2739,4701,26,671,560,131,2.2,2.36,880,137,180,9,6,5.76,151,22,47.867,4.507,1941,3560,18.7,471,425,520,1.54,1.93,658.8,160,176,4,4,4.33,7.6,-0.679682
Ir3M-Bi-Cu,77,192.22,22.56,2739,4701,26,671,560,131,2.2,2.36,880,137,180,9,6,5.76,151,29,63.546,8.96,1357,2835,13.1,338,300,384.4,1.9,1.34,745.5,132,145,11,4,5.09,118.4,1.278369
Ir3M-Bi-Nb,77,192.22,22.56,2739,4701,26,671,560,131,2.2,2.36,880,137,180,9,6,5.76,151,41,92.9,8.57,2750,5017,26.8,733,690,265,1.6,2.06,652.1,164,198,5,5,4.36,86.1,-0.710203
Ir3M-Bi-Mo,77,192.22,22.56,2739,4701,26,671,560,131,2.2,2.36,880,137,180,9,6,5.76,151,42,95.95,10.28,2896,4639,36,659,600,251,2.16,2.78,684.3,154,190,6,5,4.52,71.9,-0.330805
Ir3M-Bi-Ru,77,192.22,22.56,2739,4701,26,671,560,131,2.2,2.36,880,137,180,9,6,5.76,151,44,101.07,12.37,2607,4423,25.7,652,580,238,2.2,2.6,710.2,126,178,8,5,4.65,101.3,0.615508
Ir3M-Bi-Rh,77,192.22,22.56,2739,4701,26,671,560,131,2.2,2.36,880,137,180,9,6,5.76,151,45,102.91,12.45,2237,3968,21.7,556,495,240,2.28,1.98,719.7,135,173,9,5,5.2,109.7,0.80898
Ir3M-Bi-Pd,77,192.22,22.56,2739,4701,26,671,560,131,2.2,2.36,880,137,180,9,6,5.76,151,46,106.42,12.023,1828.05,3236,16.7,377,380,240,2.2,1.36,804.4,131,169,10,5,5.47,53.7,1.123154
Ir3M-Bi-Ag,77,192.22,22.56,2739,4701,26,671,560,131,2.2,2.36,880,137,180,9,6,5.76,151,47,107.87,10.49,1234.93,2435,11.3,285,255,235,1.93,0.76,731,145,165,11,5,4.63,125.6,1.701944
Ir3M-Bi-Ta,77,192.22,22.56,2739,4701,26,671,560,131,2.2,2.36,880,137,180,9,6,5.76,151,73,180.94,16.65,3290,5731,36,782,736,140,1.5,2.34,761,170,200,5,6,4,31,-0.938103
Ir3M-Bi-W,77,192.22,22.56,2739,4701,26,671,560,131,2.2,2.36,880,137,180,9,6,5.76,151,74,183.84,19.25,3695,5828,35,860,800,132,2.36,3.23,770,162,193,6,6,4.45,78.6,-0.705356
Ir3M-Bi-Re,77,192.22,22.56,2739,4701,26,671,560,131,2.2,2.36,880,137,180,9,6,5.76,151,75,186.21,21.02,3459,5869,33,776,705,137,1.9,2.57,760,159,188,7,6,4.72,14.5,-0.457128
Ir3M-Bi-Os,77,192.22,22.56,2739,4701,26,671,560,131,2.2,2.36,880,137,180,9,6,5.76,151,76,190.23,22.59,3306,5285,31,789,630,130,2.2,2.95,840,128,185,8,6,5.93,106.1,0.092535
Ir3M-Bi-Pt,77,192.22,22.56,2739,4701,26,671,560,131,2.2,2.36,880,137,180,9,6,5.76,151,78,195.08,21.45,2041.4,4098,20,565,490,133,2.28,1.49,870,136,177,10,6,5.97,205.3,0.971968
Ir3M-Bi-Au,77,192.22,22.56,2739,4701,26,671,560,131,2.2,2.36,880,137,180,9,6,5.76,151,79,196.96,19.3,1337.33,3129,12.5,368,330,129.1,2.54,0.74,890.13,136,174,11,6,5.41,222.8,1.616247
Ni-Ni3M-Sc,28,58.693,8.908,1728,3186,17.2,431,378,445,1.91,1.92,737.1,121,149,10,4,5.24,112,21,44.955,2.985,1814,3013,16,378,318,567,1.36,1.2,633.1,170,184,3,4,3.5,18.1,0.461973
Ni-Ni3M-Ti,28,58.693,8.908,1728,3186,17.2,431,378,445,1.91,1.92,737.1,121,149,10,4,5.24,112,22,47.867,4.507,1941,3560,18.7,471,425,520,1.54,1.93,658.8,160,176,4,4,4.33,7.6,0.453218
Ni-Ni3M-V,28,58.693,8.908,1728,3186,17.2,431,378,445,1.91,1.92,737.1,121,149,10,4,5.24,112,23,50.94,6.11,2183,3680,22.8,515,453,489,1.63,2.38,650.9,153,171,5,4,4.3,50.6,-0.04572
Ni-Ni3M-Mn,28,58.693,8.908,1728,3186,17.2,431,378,445,1.91,1.92,737.1,121,149,10,4,5.24,112,25,54.9,7.47,1519,2334,13.2,281,220,479,1.55,3.39,717.3,139,161,7,4,4.1,-50,0.633481
Ni-Ni3M-Co,28,58.693,8.908,1728,3186,17.2,431,378,445,1.91,1.92,737.1,121,149,10,4,5.24,112,27,58.933,8.9,1768,3200,16.2,426,375,421,1.88,2.11,760.4,126,152,9,4,5,63.7,0.062781
Ni-Ni3M-Cu,28,58.693,8.908,1728,3186,17.2,431,378,445,1.91,1.92,737.1,121,149,10,4,5.24,112,29,63.546,8.96,1357,2835,13.1,338,300,384.4,1.9,1.34,745.5,132,145,11,4,5.09,118.4,0.518211
Ni-Ni3M-Zn,28,58.693,8.908,1728,3186,17.2,431,378,445,1.91,1.92,737.1,121,149,10,4,5.24,112,30,65.38,7.14,692.68,1180,7.35,131,119,388,1.65,0.33,906.4,122,142,12,4,3.63,-58,0.517656
Ni-Ni3M-Ga,28,58.693,8.908,1728,3186,17.2,431,378,445,1.91,1.92,737.1,121,149,10,4,5.24,112,31,69.723,5.904,302.91,2477,5.59,277,256,371,1.81,0.48,578.8,122,136,13,4,4.32,28.9,0.482286
Ni-Ni3M-Zr,28,58.693,8.908,1728,3186,17.2,431,378,445,1.91,1.92,737.1,121,149,10,4,5.24,112,40,91.224,6.511,2128,4682,21,605,580,278,1.33,1.6,640.1,175,206,4,5,4.05,41.1,-0.350169
Ni-Ni3M-Nb,28,58.693,8.908,1728,3186,17.2,431,378,445,1.91,1.92,737.1,121,149,10,4,5.24,112,41,92.9,8.57,2750,5017,26.8,733,690,265,1.6,2.06,652.1,164,198,5,5,4.36,86.1,-0.208815
Ni-Ni3M-Mo,28,58.693,8.908,1728,3186,17.2,431,378,445,1.91,1.92,737.1,121,149,10,4,5.24,112,42,95.95,10.28,2896,4639,36,659,600,251,2.16,2.78,684.3,154,190,6,5,4.52,71.9,-0.080052
Ni-Ni3M-Rh,28,58.693,8.908,1728,3186,17.2,431,378,445,1.91,1.92,737.1,121,149,10,4,5.24,112,45,102.91,12.45,2237,3968,21.7,556,495,240,2.28,1.98,719.7,135,173,9,5,5.2,109.7,0.391848
Ni-Ni3M-Ag,28,58.693,8.908,1728,3186,17.2,431,378,445,1.91,1.92,737.1,121,149,10,4,5.24,112,47,107.87,10.49,1234.93,2435,11.3,285,255,235,1.93,0.76,731,145,165,11,5,4.63,125.6,0.418891
Ni-Ni3M-Sn,28,58.693,8.908,1728,3186,17.2,431,378,445,1.91,1.92,737.1,121,149,10,4,5.24,112,50,118.71,7.31,505.08,2875,7,302,290,217,1.96,0.54,708.6,139,145,14,5,4.42,107.3,0.368385
Ni-Ni3M-Ta,28,58.693,8.908,1728,3186,17.2,431,378,445,1.91,1.92,737.1,121,149,10,4,5.24,112,73,180.94,16.65,3290,5731,36,782,736,140,1.5,2.34,761,170,200,5,6,4,31,-0.219408
Ni-Ni3M-W,28,58.693,8.908,1728,3186,17.2,431,378,445,1.91,1.92,737.1,121,149,10,4,5.24,112,74,183.84,19.25,3695,5828,35,860,800,132,2.36,3.23,770,162,193,6,6,4.45,78.6,0.349071
Ni-Ni3M-Re,28,58.693,8.908,1728,3186,17.2,431,378,445,1.91,1.92,737.1,121,149,10,4,5.24,112,75,186.21,21.02,3459,5869,33,776,705,137,1.9,2.57,760,159,188,7,6,4.72,14.5,-0.0376
Ni-Ni3M-Pt,28,58.693,8.908,1728,3186,17.2,431,378,445,1.91,1.92,737.1,121,149,10,4,5.24,112,78,195.08,21.45,2041.4,4098,20,565,490,133,2.28,1.49,870,136,177,10,6,5.97,205.3,0.371687
Ni-Ni3M-Au,28,58.693,8.908,1728,3186,17.2,431,378,445,1.91,1.92,737.1,121,149,10,4,5.24,112,79,196.96,19.3,1337.33,3129,12.5,368,330,129.1,2.54,0.74,890.13,136,174,11,6,5.41,222.8,0.382718
Ni-Ni3M-Pb,28,58.693,8.908,1728,3186,17.2,431,378,445,1.91,1.92,737.1,121,149,10,4,5.24,112,82,207.2,11.34,600.61,2022,4.77,195,178,127,2.33,0.26,715.6,146,154,14,6,4.25,35.1,0.342194
Pd-Pd3M-Sc,46,106.42,12.023,1828.05,3236,16.7,377,380,240,2.2,1.36,804.4,131,169,10,5,5.47,53.7,21,44.955,2.985,1814,3013,16,378,318,567,1.36,1.2,633.1,170,184,3,4,3.5,18.1,1.098278
Pd-Pd3M-Ti,46,106.42,12.023,1828.05,3236,16.7,377,380,240,2.2,1.36,804.4,131,169,10,5,5.47,53.7,22,47.867,4.507,1941,3560,18.7,471,425,520,1.54,1.93,658.8,160,176,4,4,4.33,7.6,0.848474
Pd-Pd3M-V,46,106.42,12.023,1828.05,3236,16.7,377,380,240,2.2,1.36,804.4,131,169,10,5,5.47,53.7,23,50.94,6.11,2183,3680,22.8,515,453,489,1.63,2.38,650.9,153,171,5,4,4.3,50.6,1.00469
Pd-Pd3M-Cr,46,106.42,12.023,1828.05,3236,16.7,377,380,240,2.2,1.36,804.4,131,169,10,5,5.47,53.7,24,51.9961,7.19,2180,2944,20.5,397,339,448,1.66,3.22,652.9,139,166,6,4,4.5,64.3,1.058144
Pd-Pd3M-Co,46,106.42,12.023,1828.05,3236,16.7,377,380,240,2.2,1.36,804.4,131,169,10,5,5.47,53.7,27,58.933,8.9,1768,3200,16.2,426,375,421,1.88,2.11,760.4,126,152,9,4,5,63.7,1.074999
Pd-Pd3M-Ni,46,106.42,12.023,1828.05,3236,16.7,377,380,240,2.2,1.36,804.4,131,169,10,5,5.47,53.7,28,58.693,8.908,1728,3186,17.2,431,378,445,1.91,1.92,737.1,121,149,10,4,5.24,112,1.055259
Pd-Pd3M-Cu,46,106.42,12.023,1828.05,3236,16.7,377,380,240,2.2,1.36,804.4,131,169,10,5,5.47,53.7,29,63.546,8.96,1357,2835,13.1,338,300,384.4,1.9,1.34,745.5,132,145,11,4,5.09,118.4,1.064919
Pd-Pd3M-Zn,46,106.42,12.023,1828.05,3236,16.7,377,380,240,2.2,1.36,804.4,131,169,10,5,5.47,53.7,30,65.38,7.14,692.68,1180,7.35,131,119,388,1.65,0.33,906.4,122,142,12,4,3.63,-58,1.064449
Pd-Pd3M-Ga,46,106.42,12.023,1828.05,3236,16.7,377,380,240,2.2,1.36,804.4,131,169,10,5,5.47,53.7,31,69.723,5.904,302.91,2477,5.59,277,256,371,1.81,0.48,578.8,122,136,13,4,4.32,28.9,0.998157
Pd-Pd3M-Zr,46,106.42,12.023,1828.05,3236,16.7,377,380,240,2.2,1.36,804.4,131,169,10,5,5.47,53.7,40,91.224,6.511,2128,4682,21,605,580,278,1.33,1.6,640.1,175,206,4,5,4.05,41.1,0.84139
Pd-Pd3M-Nb,46,106.42,12.023,1828.05,3236,16.7,377,380,240,2.2,1.36,804.4,131,169,10,5,5.47,53.7,41,92.9,8.57,2750,5017,26.8,733,690,265,1.6,2.06,652.1,164,198,5,5,4.36,86.1,0.950469
Pd-Pd3M-Mo,46,106.42,12.023,1828.05,3236,16.7,377,380,240,2.2,1.36,804.4,131,169,10,5,5.47,53.7,42,95.95,10.28,2896,4639,36,659,600,251,2.16,2.78,684.3,154,190,6,5,4.52,71.9,0.92739
Pd-Pd3M-Ru,46,106.42,12.023,1828.05,3236,16.7,377,380,240,2.2,1.36,804.4,131,169,10,5,5.47,53.7,44,101.07,12.37,2607,4423,25.7,652,580,238,2.2,2.6,710.2,126,178,8,5,4.65,101.3,0.930945
Pd-Pd3M-Rh,46,106.42,12.023,1828.05,3236,16.7,377,380,240,2.2,1.36,804.4,131,169,10,5,5.47,53.7,45,102.91,12.45,2237,3968,21.7,556,495,240,2.28,1.98,719.7,135,173,9,5,5.2,109.7,0.950082
Pd-Pd3M-Ag,46,106.42,12.023,1828.05,3236,16.7,377,380,240,2.2,1.36,804.4,131,169,10,5,5.47,53.7,47,107.87,10.49,1234.93,2435,11.3,285,255,235,1.93,0.76,731,145,165,11,5,4.63,125.6,0.992907
Pd-Pd3M-In,46,106.42,12.023,1828.05,3236,16.7,377,380,240,2.2,1.36,804.4,131,169,10,5,5.47,53.7,49,114.818,7.31,429.75,2345,3.26,243,230,233,1.78,0.3,558.3,142,156,13,5,4.09,28.9,1.000763
Pd-Pd3M-Sn,46,106.42,12.023,1828.05,3236,16.7,377,380,240,2.2,1.36,804.4,131,169,10,5,5.47,53.7,50,118.71,7.31,505.08,2875,7,302,290,217,1.96,0.54,708.6,139,145,14,5,4.42,107.3,0.91776
Pd-Pd3M-La,46,106.42,12.023,1828.05,3236,16.7,377,380,240,2.2,1.36,804.4,131,169,10,5,5.47,53.7,57,138.9,6.146,1193,3737,6.3,431,400,195,1.1,0.7,538.1,207,187,,6,3.5,48,1.028133
Pd-Pd3M-Ta,46,106.42,12.023,1828.05,3236,16.7,377,380,240,2.2,1.36,804.4,131,169,10,5,5.47,53.7,73,180.94,16.65,3290,5731,36,782,736,140,1.5,2.34,761,170,200,5,6,4,31,0.963604
Pd-Pd3M-W,46,106.42,12.023,1828.05,3236,16.7,377,380,240,2.2,1.36,804.4,131,169,10,5,5.47,53.7,74,183.84,19.25,3695,5828,35,860,800,132,2.36,3.23,770,162,193,6,6,4.45,78.6,0.935286
Pd-Pd3M-Re,46,106.42,12.023,1828.05,3236,16.7,377,380,240,2.2,1.36,804.4,131,169,10,5,5.47,53.7,75,186.21,21.02,3459,5869,33,776,705,137,1.9,2.57,760,159,188,7,6,4.72,14.5,0.934259
Pd-Pd3M-Os,46,106.42,12.023,1828.05,3236,16.7,377,380,240,2.2,1.36,804.4,131,169,10,5,5.47,53.7,76,190.23,22.59,3306,5285,31,789,630,130,2.2,2.95,840,128,185,8,6,5.93,106.1,0.918937
Pd-Pd3M-Ir,46,106.42,12.023,1828.05,3236,16.7,377,380,240,2.2,1.36,804.4,131,169,10,5,5.47,53.7,77,192.22,22.56,2739,4701,26,671,560,131,2.2,2.36,880,137,180,9,6,5.76,151,0.937127
Pd-Pd3M-Au,46,106.42,12.023,1828.05,3236,16.7,377,380,240,2.2,1.36,804.4,131,169,10,5,5.47,53.7,79,196.96,19.3,1337.33,3129,12.5,368,330,129.1,2.54,0.74,890.13,136,174,11,6,5.41,222.8,0.944069
Pd-Pd3M-Tl,46,106.42,12.023,1828.05,3236,16.7,377,380,240,2.2,1.36,804.4,131,169,10,5,5.47,53.7,81,204.38,11.85,577,1746,4.2,182,165,129,1.62,0.22,589.4,145,156,13,6,3.84,19.2,0.952643
Pd-Pd3M-Pb,46,106.42,12.023,1828.05,3236,16.7,377,380,240,2.2,1.36,804.4,131,169,10,5,5.47,53.7,82,207.2,11.34,600.61,2022,4.77,195,178,127,2.33,0.26,715.6,146,154,14,6,4.25,35.1,0.906582
Pd-Pd3M-Bi,46,106.42,12.023,1828.05,3236,16.7,377,380,240,2.2,1.36,804.4,131,169,10,5,5.47,53.7,83,208.98,9.78,544.4,1837,10.9,207,160,122,2.02,0.17,703,148,143,15,6,4.34,91.2,1.000713
Pt-Pt3M-Ti,78,195.08,21.45,2041.4,4098,20,565,490,133,2.28,1.49,870,136,177,10,6,5.97,205.3,22,47.867,4.507,1941,3560,18.7,471,425,520,1.54,1.93,658.8,160,176,4,4,4.33,7.6,1.010892
Pt-Pt3M-V,78,195.08,21.45,2041.4,4098,20,565,490,133,2.28,1.49,870,136,177,10,6,5.97,205.3,23,50.94,6.11,2183,3680,22.8,515,453,489,1.63,2.38,650.9,153,171,5,4,4.3,50.6,1.00306
Pt-Pt3M-Cr,78,195.08,21.45,2041.4,4098,20,565,490,133,2.28,1.49,870,136,177,10,6,5.97,205.3,24,51.9961,7.19,2180,2944,20.5,397,339,448,1.66,3.22,652.9,139,166,6,4,4.5,64.3,1.086905
Pt-Pt3M-Mn,78,195.08,21.45,2041.4,4098,20,565,490,133,2.28,1.49,870,136,177,10,6,5.97,205.3,25,54.9,7.47,1519,2334,13.2,281,220,479,1.55,3.39,717.3,139,161,7,4,4.1,-50,1.11399
Pt-Pt3M-Co,78,195.08,21.45,2041.4,4098,20,565,490,133,2.28,1.49,870,136,177,10,6,5.97,205.3,27,58.933,8.9,1768,3200,16.2,426,375,421,1.88,2.11,760.4,126,152,9,4,5,63.7,1.130656
Pt-Pt3M-Cu,78,195.08,21.45,2041.4,4098,20,565,490,133,2.28,1.49,870,136,177,10,6,5.97,205.3,29,63.546,8.96,1357,2835,13.1,338,300,384.4,1.9,1.34,745.5,132,145,11,4,5.09,118.4,1.141431
Pt-Pt3M-Zn,78,195.08,21.45,2041.4,4098,20,565,490,133,2.28,1.49,870,136,177,10,6,5.97,205.3,30,65.38,7.14,692.68,1180,7.35,131,119,388,1.65,0.33,906.4,122,142,12,4,3.63,-58,1.108521
Pt-Pt3M-Ga,78,195.08,21.45,2041.4,4098,20,565,490,133,2.28,1.49,870,136,177,10,6,5.97,205.3,31,69.723,5.904,302.91,2477,5.59,277,256,371,1.81,0.48,578.8,122,136,13,4,4.32,28.9,0.998479
Pt-Pt3M-Nb,78,195.08,21.45,2041.4,4098,20,565,490,133,2.28,1.49,870,136,177,10,6,5.97,205.3,41,92.9,8.57,2750,5017,26.8,733,690,265,1.6,2.06,652.1,164,198,5,5,4.36,86.1,0.984707
Pt-Pt3M-Mo,78,195.08,21.45,2041.4,4098,20,565,490,133,2.28,1.49,870,136,177,10,6,5.97,205.3,42,95.95,10.28,2896,4639,36,659,600,251,2.16,2.78,684.3,154,190,6,5,4.52,71.9,0.970561
Pt-Pt3M-Ru,78,195.08,21.45,2041.4,4098,20,565,490,133,2.28,1.49,870,136,177,10,6,5.97,205.3,44,101.07,12.37,2607,4423,25.7,652,580,238,2.2,2.6,710.2,126,178,8,5,4.65,101.3,0.991546
Pt-Pt3M-Rh,78,195.08,21.45,2041.4,4098,20,565,490,133,2.28,1.49,870,136,177,10,6,5.97,205.3,45,102.91,12.45,2237,3968,21.7,556,495,240,2.28,1.98,719.7,135,173,9,5,5.2,109.7,1.004139
Pt-Pt3M-Pd,78,195.08,21.45,2041.4,4098,20,565,490,133,2.28,1.49,870,136,177,10,6,5.97,205.3,46,106.42,12.023,1828.05,3236,16.7,377,380,240,2.2,1.36,804.4,131,169,10,5,5.47,53.7,1.005933
Pt-Pt3M-Ag,78,195.08,21.45,2041.4,4098,20,565,490,133,2.28,1.49,870,136,177,10,6,5.97,205.3,47,107.87,10.49,1234.93,2435,11.3,285,255,235,1.93,0.76,731,145,165,11,5,4.63,125.6,1.025871
Pt-Pt3M-In,78,195.08,21.45,2041.4,4098,20,565,490,133,2.28,1.49,870,136,177,10,6,5.97,205.3,49,114.818,7.31,429.75,2345,3.26,243,230,233,1.78,0.3,558.3,142,156,13,5,4.09,28.9,0.952816
Pt-Pt3M-Sn,78,195.08,21.45,2041.4,4098,20,565,490,133,2.28,1.49,870,136,177,10,6,5.97,205.3,50,118.71,7.31,505.08,2875,7,302,290,217,1.96,0.54,708.6,139,145,14,5,4.42,107.3,0.91535
Pt-Pt3M-La,78,195.08,21.45,2041.4,4098,20,565,490,133,2.28,1.49,870,136,177,10,6,5.97,205.3,57,138.9,6.146,1193,3737,6.3,431,400,195,1.1,0.7,538.1,207,187,,6,3.5,48,0.923069
Pt-Pt3M-Ta,78,195.08,21.45,2041.4,4098,20,565,490,133,2.28,1.49,870,136,177,10,6,5.97,205.3,73,180.94,16.65,3290,5731,36,782,736,140,1.5,2.34,761,170,200,5,6,4,31,0.991821
Pt-Pt3M-W,78,195.08,21.45,2041.4,4098,20,565,490,133,2.28,1.49,870,136,177,10,6,5.97,205.3,74,183.84,19.25,3695,5828,35,860,800,132,2.36,3.23,770,162,193,6,6,4.45,78.6,0.995961
Pt-Pt3M-Re,78,195.08,21.45,2041.4,4098,20,565,490,133,2.28,1.49,870,136,177,10,6,5.97,205.3,75,186.21,21.02,3459,5869,33,776,705,137,1.9,2.57,760,159,188,7,6,4.72,14.5,0.986524
Pt-Pt3M-Os,78,195.08,21.45,2041.4,4098,20,565,490,133,2.28,1.49,870,136,177,10,6,5.97,205.3,76,190.23,22.59,3306,5285,31,789,630,130,2.2,2.95,840,128,185,8,6,5.93,106.1,0.957519
Pt-Pt3M-Ir,78,195.08,21.45,2041.4,4098,20,565,490,133,2.28,1.49,870,136,177,10,6,5.97,205.3,77,192.22,22.56,2739,4701,26,671,560,131,2.2,2.36,880,137,180,9,6,5.76,151,0.987455
Pt-Pt3M-Au,78,195.08,21.45,2041.4,4098,20,565,490,133,2.28,1.49,870,136,177,10,6,5.97,205.3,79,196.96,19.3,1337.33,3129,12.5,368,330,129.1,2.54,0.74,890.13,136,174,11,6,5.41,222.8,0.966825
Pt-Pt3M-Tl,78,195.08,21.45,2041.4,4098,20,565,490,133,2.28,1.49,870,136,177,10,6,5.97,205.3,81,204.38,11.85,577,1746,4.2,182,165,129,1.62,0.22,589.4,145,156,13,6,3.84,19.2,0.904781
Pt-Pt3M-Bi,78,195.08,21.45,2041.4,4098,20,565,490,133,2.28,1.49,870,136,177,10,6,5.97,205.3,83,208.98,9.78,544.4,1837,10.9,207,160,122,2.02,0.17,703,148,143,15,6,4.34,91.2,0.947387
Rh-Rh3M-Sc,45,102.91,12.45,2237,3968,21.7,556,495,240,2.28,1.98,719.7,135,173,9,5,5.2,109.7,21,44.955,2.985,1814,3013,16,378,318,567,1.36,1.2,633.1,170,184,3,4,3.5,18.1,0.57731
Rh-Rh3M-Ti,45,102.91,12.45,2237,3968,21.7,556,495,240,2.28,1.98,719.7,135,173,9,5,5.2,109.7,22,47.867,4.507,1941,3560,18.7,471,425,520,1.54,1.93,658.8,160,176,4,4,4.33,7.6,0.643193
Rh-Rh3M-V,45,102.91,12.45,2237,3968,21.7,556,495,240,2.28,1.98,719.7,135,173,9,5,5.2,109.7,23,50.94,6.11,2183,3680,22.8,515,453,489,1.63,2.38,650.9,153,171,5,4,4.3,50.6,0.168972
Rh-Rh3M-Cr,45,102.91,12.45,2237,3968,21.7,556,495,240,2.28,1.98,719.7,135,173,9,5,5.2,109.7,24,51.9961,7.19,2180,2944,20.5,397,339,448,1.66,3.22,652.9,139,166,6,4,4.5,64.3,0.697696
Rh-Rh3M-Mn,45,102.91,12.45,2237,3968,21.7,556,495,240,2.28,1.98,719.7,135,173,9,5,5.2,109.7,25,54.9,7.47,1519,2334,13.2,281,220,479,1.55,3.39,717.3,139,161,7,4,4.1,-50,0.674981
Rh-Rh3M-Co,45,102.91,12.45,2237,3968,21.7,556,495,240,2.28,1.98,719.7,135,173,9,5,5.2,109.7,27,58.933,8.9,1768,3200,16.2,426,375,421,1.88,2.11,760.4,126,152,9,4,5,63.7,0.631682
Rh-Rh3M-Ni,45,102.91,12.45,2237,3968,21.7,556,495,240,2.28,1.98,719.7,135,173,9,5,5.2,109.7,28,58.693,8.908,1728,3186,17.2,431,378,445,1.91,1.92,737.1,121,149,10,4,5.24,112,0.62228
Rh-Rh3M-Cu,45,102.91,12.45,2237,3968,21.7,556,495,240,2.28,1.98,719.7,135,173,9,5,5.2,109.7,29,63.546,8.96,1357,2835,13.1,338,300,384.4,1.9,1.34,745.5,132,145,11,4,5.09,118.4,0.575603
Rh-Rh3M-Zn,45,102.91,12.45,2237,3968,21.7,556,495,240,2.28,1.98,719.7,135,173,9,5,5.2,109.7,30,65.38,7.14,692.68,1180,7.35,131,119,388,1.65,0.33,906.4,122,142,12,4,3.63,-58,0.652371
Rh-Rh3M-Ga,45,102.91,12.45,2237,3968,21.7,556,495,240,2.28,1.98,719.7,135,173,9,5,5.2,109.7,31,69.723,5.904,302.91,2477,5.59,277,256,371,1.81,0.48,578.8,122,136,13,4,4.32,28.9,0.661477
Rh-Rh3M-Y,45,102.91,12.45,2237,3968,21.7,556,495,240,2.28,1.98,719.7,135,173,9,5,5.2,109.7,39,88.9,4.472,1799,3618,11.4,425,380,298,1.22,1,600,190,212,3,5,3.183,29.6,0.423545
Rh-Rh3M-Zr,45,102.91,12.45,2237,3968,21.7,556,495,240,2.28,1.98,719.7,135,173,9,5,5.2,109.7,40,91.224,6.511,2128,4682,21,605,580,278,1.33,1.6,640.1,175,206,4,5,4.05,41.1,0.590861
Rh-Rh3M-Nb,45,102.91,12.45,2237,3968,21.7,556,495,240,2.28,1.98,719.7,135,173,9,5,5.2,109.7,41,92.9,8.57,2750,5017,26.8,733,690,265,1.6,2.06,652.1,164,198,5,5,4.36,86.1,0.569219
Rh-Rh3M-Mo,45,102.91,12.45,2237,3968,21.7,556,495,240,2.28,1.98,719.7,135,173,9,5,5.2,109.7,42,95.95,10.28,2896,4639,36,659,600,251,2.16,2.78,684.3,154,190,6,5,4.52,71.9,0.575668
Rh-Rh3M-Ru,45,102.91,12.45,2237,3968,21.7,556,495,240,2.28,1.98,719.7,135,173,9,5,5.2,109.7,44,101.07,12.37,2607,4423,25.7,652,580,238,2.2,2.6,710.2,126,178,8,5,4.65,101.3,0.5478
Rh-Rh3M-Pd,45,102.91,12.45,2237,3968,21.7,556,495,240,2.28,1.98,719.7,135,173,9,5,5.2,109.7,46,106.42,12.023,1828.05,3236,16.7,377,380,240,2.2,1.36,804.4,131,169,10,5,5.47,53.7,0.510634
Rh-Rh3M-Ag,45,102.91,12.45,2237,3968,21.7,556,495,240,2.28,1.98,719.7,135,173,9,5,5.2,109.7,47,107.87,10.49,1234.93,2435,11.3,285,255,235,1.93,0.76,731,145,165,11,5,4.63,125.6,0.510894
Rh-Rh3M-In,45,102.91,12.45,2237,3968,21.7,556,495,240,2.28,1.98,719.7,135,173,9,5,5.2,109.7,49,114.818,7.31,429.75,2345,3.26,243,230,233,1.78,0.3,558.3,142,156,13,5,4.09,28.9,0.568855
Rh-Rh3M-Ta,45,102.91,12.45,2237,3968,21.7,556,495,240,2.28,1.98,719.7,135,173,9,5,5.2,109.7,73,180.94,16.65,3290,5731,36,782,736,140,1.5,2.34,761,170,200,5,6,4,31,0.549184
Rh-Rh3M-W,45,102.91,12.45,2237,3968,21.7,556,495,240,2.28,1.98,719.7,135,173,9,5,5.2,109.7,74,183.84,19.25,3695,5828,35,860,800,132,2.36,3.23,770,162,193,6,6,4.45,78.6,0.566578
Rh-Rh3M-Re,45,102.91,12.45,2237,3968,21.7,556,495,240,2.28,1.98,719.7,135,173,9,5,5.2,109.7,75,186.21,21.02,3459,5869,33,776,705,137,1.9,2.57,760,159,188,7,6,4.72,14.5,0.539871
Rh-Rh3M-Ir,45,102.91,12.45,2237,3968,21.7,556,495,240,2.28,1.98,719.7,135,173,9,5,5.2,109.7,77,192.22,22.56,2739,4701,26,671,560,131,2.2,2.36,880,137,180,9,6,5.76,151,0.525968
Rh-Rh3M-Pt,45,102.91,12.45,2237,3968,21.7,556,495,240,2.28,1.98,719.7,135,173,9,5,5.2,109.7,78,195.08,21.45,2041.4,4098,20,565,490,133,2.28,1.49,870,136,177,10,6,5.97,205.3,0.506425
Rh-Rh3M-Au,45,102.91,12.45,2237,3968,21.7,556,495,240,2.28,1.98,719.7,135,173,9,5,5.2,109.7,79,196.96,19.3,1337.33,3129,12.5,368,330,129.1,2.54,0.74,890.13,136,174,11,6,5.41,222.8,0.511173
Rh-Rh3M-Tl,45,102.91,12.45,2237,3968,21.7,556,495,240,2.28,1.98,719.7,135,173,9,5,5.2,109.7,81,204.38,11.85,577,1746,4.2,182,165,129,1.62,0.22,589.4,145,156,13,6,3.84,19.2,0.523432
Ir-Ir3M-Sc,77,192.22,22.56,2739,4701,26,671,560,131,2.2,2.36,880,137,180,9,6,5.76,151,21,44.955,2.985,1814,3013,16,378,318,567,1.36,1.2,633.1,170,184,3,4,3.5,18.1,0.614878
Ir-Ir3M-Ti,77,192.22,22.56,2739,4701,26,671,560,131,2.2,2.36,880,137,180,9,6,5.76,151,22,47.867,4.507,1941,3560,18.7,471,425,520,1.54,1.93,658.8,160,176,4,4,4.33,7.6,0.714775
Ir-Ir3M-Ni,77,192.22,22.56,2739,4701,26,671,560,131,2.2,2.36,880,137,180,9,6,5.76,151,28,58.693,8.908,1728,3186,17.2,431,378,445,1.91,1.92,737.1,121,149,10,4,5.24,112,0.665647
Ir-Ir3M-Cu,77,192.22,22.56,2739,4701,26,671,560,131,2.2,2.36,880,137,180,9,6,5.76,151,29,63.546,8.96,1357,2835,13.1,338,300,384.4,1.9,1.34,745.5,132,145,11,4,5.09,118.4,0.604104
Ir-Ir3M-Zn,77,192.22,22.56,2739,4701,26,671,560,131,2.2,2.36,880,137,180,9,6,5.76,151,30,65.38,7.14,692.68,1180,7.35,131,119,388,1.65,0.33,906.4,122,142,12,4,3.63,-58,0.725332
Ir-Ir3M-Ga,77,192.22,22.56,2739,4701,26,671,560,131,2.2,2.36,880,137,180,9,6,5.76,151,31,69.723,5.904,302.91,2477,5.59,277,256,371,1.81,0.48,578.8,122,136,13,4,4.32,28.9,0.656224
Ir-Ir3M-Y,77,192.22,22.56,2739,4701,26,671,560,131,2.2,2.36,880,137,180,9,6,5.76,151,39,88.9,4.472,1799,3618,11.4,425,380,298,1.22,1,600,190,212,3,5,3.183,29.6,0.445539
Ir-Ir3M-Zr,77,192.22,22.56,2739,4701,26,671,560,131,2.2,2.36,880,137,180,9,6,5.76,151,40,91.224,6.511,2128,4682,21,605,580,278,1.33,1.6,640.1,175,206,4,5,4.05,41.1,0.594006
Ir-Ir3M-Nb,77,192.22,22.56,2739,4701,26,671,560,131,2.2,2.36,880,137,180,9,6,5.76,151,41,92.9,8.57,2750,5017,26.8,733,690,265,1.6,2.06,652.1,164,198,5,5,4.36,86.1,0.640884
Ir-Ir3M-Mo,77,192.22,22.56,2739,4701,26,671,560,131,2.2,2.36,880,137,180,9,6,5.76,151,42,95.95,10.28,2896,4639,36,659,600,251,2.16,2.78,684.3,154,190,6,5,4.52,71.9,0.626663
Ir-Ir3M-Ru,77,192.22,22.56,2739,4701,26,671,560,131,2.2,2.36,880,137,180,9,6,5.76,151,44,101.07,12.37,2607,4423,25.7,652,580,238,2.2,2.6,710.2,126,178,8,5,4.65,101.3,0.647628
Ir-Ir3M-Rh,77,192.22,22.56,2739,4701,26,671,560,131,2.2,2.36,880,137,180,9,6,5.76,151,45,102.91,12.45,2237,3968,21.7,556,495,240,2.28,1.98,719.7,135,173,9,5,5.2,109.7,0.655798
Ir-Ir3M-Pd,77,192.22,22.56,2739,4701,26,671,560,131,2.2,2.36,880,137,180,9,6,5.76,151,46,106.42,12.023,1828.05,3236,16.7,377,380,240,2.2,1.36,804.4,131,169,10,5,5.47,53.7,0.568477
Ir-Ir3M-Ag,77,192.22,22.56,2739,4701,26,671,560,131,2.2,2.36,880,137,180,9,6,5.76,151,47,107.87,10.49,1234.93,2435,11.3,285,255,235,1.93,0.76,731,145,165,11,5,4.63,125.6,0.527291
Ir-Ir3M-La,77,192.22,22.56,2739,4701,26,671,560,131,2.2,2.36,880,137,180,9,6,5.76,151,57,138.9,6.146,1193,3737,6.3,431,400,195,1.1,0.7,538.1,207,187,,6,3.5,48,0.317673
Ir-Ir3M-Ta,77,192.22,22.56,2739,4701,26,671,560,131,2.2,2.36,880,137,180,9,6,5.76,151,73,180.94,16.65,3290,5731,36,782,736,140,1.5,2.34,761,170,200,5,6,4,31,0.644352
Ir-Ir3M-W,77,192.22,22.56,2739,4701,26,671,560,131,2.2,2.36,880,137,180,9,6,5.76,151,74,183.84,19.25,3695,5828,35,860,800,132,2.36,3.23,770,162,193,6,6,4.45,78.6,0.599128
Ir-Ir3M-Re,77,192.22,22.56,2739,4701,26,671,560,131,2.2,2.36,880,137,180,9,6,5.76,151,75,186.21,21.02,3459,5869,33,776,705,137,1.9,2.57,760,159,188,7,6,4.72,14.5,0.649301
Ir-Ir3M-Os,77,192.22,22.56,2739,4701,26,671,560,131,2.2,2.36,880,137,180,9,6,5.76,151,76,190.23,22.59,3306,5285,31,789,630,130,2.2,2.95,840,128,185,8,6,5.93,106.1,0.654029
Ir-Ir3M-Pt,77,192.22,22.56,2739,4701,26,671,560,131,2.2,2.36,880,137,180,9,6,5.76,151,78,195.08,21.45,2041.4,4098,20,565,490,133,2.28,1.49,870,136,177,10,6,5.97,205.3,0.560782
Ir-Ir3M-Au,77,192.22,22.56,2739,4701,26,671,560,131,2.2,2.36,880,137,180,9,6,5.76,151,79,196.96,19.3,1337.33,3129,12.5,368,330,129.1,2.54,0.74,890.13,136,174,11,6,5.41,222.8,0.490965
Ir-Ir3M-Tl,77,192.22,22.56,2739,4701,26,671,560,131,2.2,2.36,880,137,180,9,6,5.76,151,81,204.38,11.85,577,1746,4.2,182,165,129,1.62,0.22,589.4,145,156,13,6,3.84,19.2,0.500377
Ir-Ir3M-Bi,77,192.22,22.56,2739,4701,26,671,560,131,2.2,2.36,880,137,180,9,6,5.76,151,83,208.98,9.78,544.4,1837,10.9,207,160,122,2.02,0.17,703,148,143,15,6,4.34,91.2,0.340885
Re-Re3M-Sc,75,186.21,21.02,3459,5869,33,776,705,137,1.9,2.57,760,159,188,7,6,4.72,14.5,21,44.955,2.985,1814,3013,16,378,318,567,1.36,1.2,633.1,170,184,3,4,3.5,18.1,-0.652021
Re-Re3M-Ti,75,186.21,21.02,3459,5869,33,776,705,137,1.9,2.57,760,159,188,7,6,4.72,14.5,22,47.867,4.507,1941,3560,18.7,471,425,520,1.54,1.93,658.8,160,176,4,4,4.33,7.6,-0.388088
Re-Re3M-V,75,186.21,21.02,3459,5869,33,776,705,137,1.9,2.57,760,159,188,7,6,4.72,14.5,23,50.94,6.11,2183,3680,22.8,515,453,489,1.63,2.38,650.9,153,171,5,4,4.3,50.6,-0.196785
Re-Re3M-Cr,75,186.21,21.02,3459,5869,33,776,705,137,1.9,2.57,760,159,188,7,6,4.72,14.5,24,51.9961,7.19,2180,2944,20.5,397,339,448,1.66,3.22,652.9,139,166,6,4,4.5,64.3,-0.173208
Re-Re3M-Mn,75,186.21,21.02,3459,5869,33,776,705,137,1.9,2.57,760,159,188,7,6,4.72,14.5,25,54.9,7.47,1519,2334,13.2,281,220,479,1.55,3.39,717.3,139,161,7,4,4.1,-50,-0.412425
Re-Re3M-Co,75,186.21,21.02,3459,5869,33,776,705,137,1.9,2.57,760,159,188,7,6,4.72,14.5,27,58.933,8.9,1768,3200,16.2,426,375,421,1.88,2.11,760.4,126,152,9,4,5,63.7,-0.16868
Re-Re3M-Ni,75,186.21,21.02,3459,5869,33,776,705,137,1.9,2.57,760,159,188,7,6,4.72,14.5,28,58.693,8.908,1728,3186,17.2,431,378,445,1.91,1.92,737.1,121,149,10,4,5.24,112,-0.277887
Re-Re3M-Cu,75,186.21,21.02,3459,5869,33,776,705,137,1.9,2.57,760,159,188,7,6,4.72,14.5,29,63.546,8.96,1357,2835,13.1,338,300,384.4,1.9,1.34,745.5,132,145,11,4,5.09,118.4,-0.370345
Re-Re3M-Zr,75,186.21,21.02,3459,5869,33,776,705,137,1.9,2.57,760,159,188,7,6,4.72,14.5,40,91.224,6.511,2128,4682,21,605,580,278,1.33,1.6,640.1,175,206,4,5,4.05,41.1,-0.434422
Re-Re3M-Nb,75,186.21,21.02,3459,5869,33,776,705,137,1.9,2.57,760,159,188,7,6,4.72,14.5,41,92.9,8.57,2750,5017,26.8,733,690,265,1.6,2.06,652.1,164,198,5,5,4.36,86.1,-0.259826
Re-Re3M-Mo,75,186.21,21.02,3459,5869,33,776,705,137,1.9,2.57,760,159,188,7,6,4.72,14.5,42,95.95,10.28,2896,4639,36,659,600,251,2.16,2.78,684.3,154,190,6,5,4.52,71.9,-0.124417
Re-Re3M-Ru,75,186.21,21.02,3459,5869,33,776,705,137,1.9,2.57,760,159,188,7,6,4.72,14.5,44,101.07,12.37,2607,4423,25.7,652,580,238,2.2,2.6,710.2,126,178,8,5,4.65,101.3,0.064672
Re-Re3M-Rh,75,186.21,21.02,3459,5869,33,776,705,137,1.9,2.57,760,159,188,7,6,4.72,14.5,45,102.91,12.45,2237,3968,21.7,556,495,240,2.28,1.98,719.7,135,173,9,5,5.2,109.7,0.014991
Re-Re3M-Pd,75,186.21,21.02,3459,5869,33,776,705,137,1.9,2.57,760,159,188,7,6,4.72,14.5,46,106.42,12.023,1828.05,3236,16.7,377,380,240,2.2,1.36,804.4,131,169,10,5,5.47,53.7,-0.047206
Re-Re3M-Ag,75,186.21,21.02,3459,5869,33,776,705,137,1.9,2.57,760,159,188,7,6,4.72,14.5,47,107.87,10.49,1234.93,2435,11.3,285,255,235,1.93,0.76,731,145,165,11,5,4.63,125.6,-0.050423
Re-Re3M-Ta,75,186.21,21.02,3459,5869,33,776,705,137,1.9,2.57,760,159,188,7,6,4.72,14.5,73,180.94,16.65,3290,5731,36,782,736,140,1.5,2.34,761,170,200,5,6,4,31,-0.240743
Re-Re3M-W,75,186.21,21.02,3459,5869,33,776,705,137,1.9,2.57,760,159,188,7,6,4.72,14.5,74,183.84,19.25,3695,5828,35,860,800,132,2.36,3.23,770,162,193,6,6,4.45,78.6,-0.193473
Re-Re3M-Os,75,186.21,21.02,3459,5869,33,776,705,137,1.9,2.57,760,159,188,7,6,4.72,14.5,76,190.23,22.59,3306,5285,31,789,630,130,2.2,2.95,840,128,185,8,6,5.93,106.1,0.087294
Re-Re3M-Ir,75,186.21,21.02,3459,5869,33,776,705,137,1.9,2.57,760,159,188,7,6,4.72,14.5,77,192.22,22.56,2739,4701,26,671,560,131,2.2,2.36,880,137,180,9,6,5.76,151,0.001003
Re-Re3M-Pt,75,186.21,21.02,3459,5869,33,776,705,137,1.9,2.57,760,159,188,7,6,4.72,14.5,78,195.08,21.45,2041.4,4098,20,565,490,133,2.28,1.49,870,136,177,10,6,5.97,205.3,-0.062437
